{"Loaded":true,"Name":"Wicking Orchard","RegionName":"Glenumbra Moors","HasDungeon":false,"MapTableData":{"MapId":83144,"Latitude":53248,"Longitude":18432,"LocationType":3,"DungeonType":255,"Discovered":false,"Key":0,"LocationId":74},"Exterior":{"RecordElement":{"Header":{"X":4732928,"Y":2734081,"IsExterior":32768,"Unknown2":0,"LocationId":74,"IsInterior":0,"ExteriorLocationId":74,"LocationName":"Wicking Orchard"}},"BuildingCount":32,"Buildings":[{"NameSeed":9141,"FactionId":0,"Sector":0,"LocationId":0,"BuildingType":21,"Quality":15},{"NameSeed":12734,"FactionId":0,"Sector":0,"LocationId":0,"BuildingType":21,"Quality":14},{"NameSeed":28123,"FactionId":0,"Sector":0,"LocationId":0,"BuildingType":21,"Quality":4},{"NameSeed":31858,"FactionId":0,"Sector":0,"LocationId":0,"BuildingType":21,"Quality":17},{"NameSeed":1181,"FactionId":0,"Sector":0,"LocationId":0,"BuildingType":21,"Quality":16},{"NameSeed":27442,"FactionId":0,"Sector":0,"LocationId":0,"BuildingType":21,"Quality":7},{"NameSeed":58327,"FactionId":0,"Sector":0,"LocationId":0,"BuildingType":18,"Quality":7},{"NameSeed":13723,"FactionId":0,"Sector":0,"LocationId":0,"BuildingType":18,"Quality":17},{"NameSeed":65506,"FactionId":0,"Sector":0,"LocationId":0,"BuildingType":18,"Quality":18},{"NameSeed":1810,"FactionId":0,"Sector":0,"LocationId":0,"BuildingType":18,"Quality":12},{"NameSeed":8656,"FactionId":0,"Sector":0,"LocationId":0,"BuildingType":18,"Quality":12},{"NameSeed":32242,"FactionId":0,"Sector":0,"LocationId":0,"BuildingType":18,"Quality":8},{"NameSeed":54710,"FactionId":0,"Sector":0,"LocationId":0,"BuildingType":18,"Quality":3},{"NameSeed":6287,"FactionId":0,"Sector":0,"LocationId":0,"BuildingType":18,"Quality":5},{"NameSeed":21453,"FactionId":236,"Sector":0,"LocationId":0,"BuildingType":2,"Quality":3},{"NameSeed":35967,"FactionId":0,"Sector":0,"LocationId":0,"BuildingType":18,"Quality":11},{"NameSeed":17488,"FactionId":0,"Sector":0,"LocationId":0,"BuildingType":18,"Quality":7},{"NameSeed":29216,"FactionId":0,"Sector":0,"LocationId":0,"BuildingType":18,"Quality":9},{"NameSeed":12110,"FactionId":0,"Sector":0,"LocationId":0,"BuildingType":18,"Quality":4},{"NameSeed":20038,"FactionId":510,"Sector":0,"LocationId":0,"BuildingType":6,"Quality":1},{"NameSeed":48937,"FactionId":0,"Sector":0,"LocationId":0,"BuildingType":18,"Quality":14},{"NameSeed":7312,"FactionId":0,"Sector":0,"LocationId":0,"BuildingType":19,"Quality":19},{"NameSeed":33673,"FactionId":0,"Sector":0,"LocationId":0,"BuildingType":19,"Quality":7},{"NameSeed":7511,"FactionId":0,"Sector":0,"LocationId":0,"BuildingType":18,"Quality":4},{"NameSeed":19537,"FactionId":0,"Sector":0,"LocationId":0,"BuildingType":18,"Quality":12},{"NameSeed":22616,"FactionId":0,"Sector":0,"LocationId":0,"BuildingType":18,"Quality":16},{"NameSeed":46773,"FactionId":0,"Sector":0,"LocationId":0,"BuildingType":18,"Quality":11},{"NameSeed":12067,"FactionId":0,"Sector":0,"LocationId":0,"BuildingType":18,"Quality":14},{"NameSeed":50432,"FactionId":0,"Sector":0,"LocationId":0,"BuildingType":18,"Quality":12},{"NameSeed":11370,"FactionId":0,"Sector":0,"LocationId":0,"BuildingType":18,"Quality":8},{"NameSeed":25357,"FactionId":0,"Sector":0,"LocationId":0,"BuildingType":18,"Quality":10},{"NameSeed":24744,"FactionId":0,"Sector":0,"LocationId":0,"BuildingType":0,"Quality":8}],"ExteriorData":{"AnotherName":"Wicking Orchard","MapId":83144,"LocationId":74,"Width":1,"Height":1,"PortTownAndUnknown":0,"BlockNames":["FARMAA00.RMB"]}},"Dungeon":{"RecordElement":{"Header":{"X":0,"Y":0,"IsExterior":0,"Unknown2":0,"LocationId":0,"IsInterior":0,"ExteriorLocationId":0,"LocationName":null}},"Header":{"BlockCount":0},"Blocks":null},"Climate":{"WorldClimate":226,"ClimateType":100,"NatureSet":510,"GroundArchive":102,"NatureArchive":510,"SkyBase":0,"People":0,"Names":0},"Politic":59,"RegionIndex":187,"LocationIndex":0}