{"Loaded":true,"Name":"The B'athem Plantation","RegionName":"Antiphyllos","HasDungeon":false,"MapTableData":{"MapId":419444,"Latitude":10240,"Longitude":56832,"LocationType":3,"DungeonType":255,"Discovered":false,"Key":0,"LocationId":1464},"Exterior":{"RecordElement":{"Header":{"X":14563328,"Y":13744129,"IsExterior":32768,"Unknown2":0,"LocationId":1464,"IsInterior":0,"ExteriorLocationId":1464,"LocationName":"The B'athem Plantation"}},"BuildingCount":32,"Buildings":[{"NameSeed":59590,"FactionId":0,"Sector":0,"LocationId":0,"BuildingType":18,"Quality":7},{"NameSeed":7742,"FactionId":0,"Sector":0,"LocationId":0,"BuildingType":18,"Quality":14},{"NameSeed":4651,"FactionId":0,"Sector":0,"LocationId":0,"BuildingType":18,"Quality":13},{"NameSeed":61577,"FactionId":0,"Sector":0,"LocationId":0,"BuildingType":18,"Quality":16},{"NameSeed":5813,"FactionId":0,"Sector":0,"LocationId":0,"BuildingType":18,"Quality":19},{"NameSeed":46617,"FactionId":0,"Sector":0,"LocationId":0,"BuildingType":18,"Quality":10},{"NameSeed":23840,"FactionId":0,"Sector":0,"LocationId":0,"BuildingType":18,"Quality":13},{"NameSeed":46087,"FactionId":0,"Sector":0,"LocationId":0,"BuildingType":18,"Quality":7},{"NameSeed":4855,"FactionId":0,"Sector":0,"LocationId":0,"BuildingType":18,"Quality":16},{"NameSeed":2048,"FactionId":0,"Sector":0,"LocationId":0,"BuildingType":18,"Quality":6},{"NameSeed":57362,"FactionId":0,"Sector":0,"LocationId":0,"BuildingType":19,"Quality":18},{"NameSeed":57955,"FactionId":0,"Sector":0,"LocationId":0,"BuildingType":18,"Quality":7},{"NameSeed":51841,"FactionId":0,"Sector":0,"LocationId":0,"BuildingType":18,"Quality":12},{"NameSeed":49015,"FactionId":0,"Sector":0,"LocationId":0,"BuildingType":18,"Quality":5},{"NameSeed":19527,"FactionId":0,"Sector":0,"LocationId":0,"BuildingType":18,"Quality":12},{"NameSeed":47054,"FactionId":0,"Sector":0,"LocationId":0,"BuildingType":18,"Quality":7},{"NameSeed":7306,"FactionId":0,"Sector":0,"LocationId":0,"BuildingType":18,"Quality":15},{"NameSeed":53071,"FactionId":0,"Sector":0,"LocationId":0,"BuildingType":18,"Quality":9},{"NameSeed":23133,"FactionId":0,"Sector":0,"LocationId":0,"BuildingType":18,"Quality":18},{"NameSeed":3355,"FactionId":0,"Sector":0,"LocationId":0,"BuildingType":18,"Quality":18},{"NameSeed":35157,"FactionId":0,"Sector":0,"LocationId":0,"BuildingType":18,"Quality":20},{"NameSeed":60477,"FactionId":0,"Sector":0,"LocationId":0,"BuildingType":18,"Quality":7},{"NameSeed":61153,"FactionId":0,"Sector":0,"LocationId":0,"BuildingType":18,"Quality":14},{"NameSeed":9294,"FactionId":0,"Sector":0,"LocationId":0,"BuildingType":18,"Quality":8},{"NameSeed":55777,"FactionId":0,"Sector":0,"LocationId":0,"BuildingType":18,"Quality":2},{"NameSeed":64832,"FactionId":0,"Sector":0,"LocationId":0,"BuildingType":19,"Quality":2},{"NameSeed":34506,"FactionId":0,"Sector":0,"LocationId":0,"BuildingType":19,"Quality":1},{"NameSeed":17595,"FactionId":0,"Sector":0,"LocationId":0,"BuildingType":18,"Quality":4},{"NameSeed":35092,"FactionId":0,"Sector":0,"LocationId":0,"BuildingType":21,"Quality":4},{"NameSeed":38089,"FactionId":0,"Sector":0,"LocationId":0,"BuildingType":21,"Quality":18},{"NameSeed":58132,"FactionId":0,"Sector":0,"LocationId":0,"BuildingType":21,"Quality":8},{"NameSeed":36451,"FactionId":0,"Sector":0,"LocationId":0,"BuildingType":21,"Quality":5}],"ExteriorData":{"AnotherName":"The B'athem Plantation","MapId":419444,"LocationId":1464,"Width":1,"Height":1,"PortTownAndUnknown":0,"BlockNames":["FARMAA04.RMB"]}},"Dungeon":{"RecordElement":{"Header":{"X":0,"Y":0,"IsExterior":0,"Unknown2":0,"LocationId":0,"IsInterior":0,"ExteriorLocationId":0,"LocationName":null}},"Header":{"BlockCount":0},"Blocks":null},"Climate":{"WorldClimate":231,"ClimateType":300,"NatureSet":504,"GroundArchive":302,"NatureArchive":504,"SkyBase":16,"People":3,"Names":0},"Politic":55,"RegionIndex":183,"LocationIndex":0}