{"Loaded":true,"Name":"Gaerwing Orchard","RegionName":"Glenpoint","HasDungeon":false,"MapTableData":{"MapId":77163,"Latitude":54016,"Longitude":20864,"LocationType":3,"DungeonType":255,"Discovered":false,"Key":0,"LocationId":42},"Exterior":{"RecordElement":{"Header":{"X":5355520,"Y":2537473,"IsExterior":32768,"Unknown2":0,"LocationId":42,"IsInterior":0,"ExteriorLocationId":42,"LocationName":"Gaerwing Orchard"}},"BuildingCount":32,"Buildings":[{"NameSeed":42186,"FactionId":0,"Sector":0,"LocationId":0,"BuildingType":18,"Quality":15},{"NameSeed":57417,"FactionId":0,"Sector":0,"LocationId":0,"BuildingType":18,"Quality":18},{"NameSeed":19204,"FactionId":0,"Sector":0,"LocationId":0,"BuildingType":18,"Quality":8},{"NameSeed":23222,"FactionId":0,"Sector":0,"LocationId":0,"BuildingType":18,"Quality":17},{"NameSeed":57161,"FactionId":0,"Sector":0,"LocationId":0,"BuildingType":18,"Quality":17},{"NameSeed":41437,"FactionId":0,"Sector":0,"LocationId":0,"BuildingType":18,"Quality":8},{"NameSeed":46759,"FactionId":0,"Sector":0,"LocationId":0,"BuildingType":18,"Quality":11},{"NameSeed":53526,"FactionId":0,"Sector":0,"LocationId":0,"BuildingType":18,"Quality":16},{"NameSeed":34191,"FactionId":0,"Sector":0,"LocationId":0,"BuildingType":18,"Quality":6},{"NameSeed":24077,"FactionId":0,"Sector":0,"LocationId":0,"BuildingType":18,"Quality":3},{"NameSeed":3325,"FactionId":0,"Sector":0,"LocationId":0,"BuildingType":19,"Quality":15},{"NameSeed":382,"FactionId":0,"Sector":0,"LocationId":0,"BuildingType":18,"Quality":2},{"NameSeed":15209,"FactionId":0,"Sector":0,"LocationId":0,"BuildingType":18,"Quality":17},{"NameSeed":48904,"FactionId":0,"Sector":0,"LocationId":0,"BuildingType":18,"Quality":7},{"NameSeed":14950,"FactionId":0,"Sector":0,"LocationId":0,"BuildingType":18,"Quality":11},{"NameSeed":12451,"FactionId":0,"Sector":0,"LocationId":0,"BuildingType":18,"Quality":16},{"NameSeed":51001,"FactionId":0,"Sector":0,"LocationId":0,"BuildingType":18,"Quality":10},{"NameSeed":11674,"FactionId":0,"Sector":0,"LocationId":0,"BuildingType":18,"Quality":5},{"NameSeed":49411,"FactionId":0,"Sector":0,"LocationId":0,"BuildingType":18,"Quality":19},{"NameSeed":64940,"FactionId":0,"Sector":0,"LocationId":0,"BuildingType":18,"Quality":6},{"NameSeed":1528,"FactionId":0,"Sector":0,"LocationId":0,"BuildingType":18,"Quality":8},{"NameSeed":17288,"FactionId":0,"Sector":0,"LocationId":0,"BuildingType":18,"Quality":12},{"NameSeed":12673,"FactionId":0,"Sector":0,"LocationId":0,"BuildingType":18,"Quality":3},{"NameSeed":5490,"FactionId":0,"Sector":0,"LocationId":0,"BuildingType":18,"Quality":3},{"NameSeed":1326,"FactionId":0,"Sector":0,"LocationId":0,"BuildingType":18,"Quality":14},{"NameSeed":36779,"FactionId":0,"Sector":0,"LocationId":0,"BuildingType":19,"Quality":9},{"NameSeed":54071,"FactionId":0,"Sector":0,"LocationId":0,"BuildingType":19,"Quality":17},{"NameSeed":16426,"FactionId":0,"Sector":0,"LocationId":0,"BuildingType":18,"Quality":7},{"NameSeed":5260,"FactionId":0,"Sector":0,"LocationId":0,"BuildingType":21,"Quality":18},{"NameSeed":18896,"FactionId":0,"Sector":0,"LocationId":0,"BuildingType":21,"Quality":4},{"NameSeed":9691,"FactionId":0,"Sector":0,"LocationId":0,"BuildingType":21,"Quality":20},{"NameSeed":38448,"FactionId":0,"Sector":0,"LocationId":0,"BuildingType":21,"Quality":17}],"ExteriorData":{"AnotherName":"Gaerwing Orchard","MapId":77163,"LocationId":42,"Width":1,"Height":1,"PortTownAndUnknown":0,"BlockNames":["FARMAA04.RMB"]}},"Dungeon":{"RecordElement":{"Header":{"X":0,"Y":0,"IsExterior":0,"Unknown2":0,"LocationId":0,"IsInterior":0,"ExteriorLocationId":0,"LocationName":null}},"Header":{"BlockCount":0},"Blocks":null},"Climate":{"WorldClimate":226,"ClimateType":100,"NatureSet":510,"GroundArchive":102,"NatureArchive":510,"SkyBase":0,"People":0,"Names":0},"Politic":18,"RegionIndex":146,"LocationIndex":0}