{"Loaded":true,"Name":"The Old Refylfa Plantation","RegionName":"Mournoth","HasDungeon":false,"MapTableData":{"MapId":380941,"Latitude":15232,"Longitude":120448,"LocationType":3,"DungeonType":255,"Discovered":false,"Key":0,"LocationId":414},"Exterior":{"RecordElement":{"Header":{"X":30840832,"Y":12457985,"IsExterior":32768,"Unknown2":0,"LocationId":414,"IsInterior":0,"ExteriorLocationId":414,"LocationName":"The Old Refylfa Plantation"}},"BuildingCount":800,"Buildings":[{"NameSeed":16495,"FactionId":0,"Sector":0,"LocationId":0,"BuildingType":18,"Quality":12},{"NameSeed":17466,"FactionId":0,"Sector":0,"LocationId":0,"BuildingType":15,"Quality":8},{"NameSeed":9708,"FactionId":0,"Sector":0,"LocationId":0,"BuildingType":19,"Quality":1},{"NameSeed":26802,"FactionId":0,"Sector":0,"LocationId":0,"BuildingType":18,"Quality":12},{"NameSeed":60908,"FactionId":0,"Sector":0,"LocationId":0,"BuildingType":18,"Quality":1},{"NameSeed":59727,"FactionId":0,"Sector":0,"LocationId":0,"BuildingType":18,"Quality":15},{"NameSeed":15319,"FactionId":0,"Sector":0,"LocationId":0,"BuildingType":18,"Quality":9},{"NameSeed":26088,"FactionId":0,"Sector":0,"LocationId":0,"BuildingType":19,"Quality":9},{"NameSeed":26219,"FactionId":0,"Sector":0,"LocationId":0,"BuildingType":18,"Quality":7},{"NameSeed":10127,"FactionId":0,"Sector":0,"LocationId":0,"BuildingType":18,"Quality":18},{"NameSeed":64832,"FactionId":0,"Sector":0,"LocationId":0,"BuildingType":18,"Quality":1},{"NameSeed":8712,"FactionId":0,"Sector":0,"LocationId":0,"BuildingType":18,"Quality":11},{"NameSeed":3143,"FactionId":0,"Sector":0,"LocationId":0,"BuildingType":18,"Quality":1},{"NameSeed":45083,"FactionId":0,"Sector":0,"LocationId":0,"BuildingType":18,"Quality":10},{"NameSeed":14947,"FactionId":0,"Sector":0,"LocationId":0,"BuildingType":18,"Quality":10},{"NameSeed":5968,"FactionId":0,"Sector":0,"LocationId":0,"BuildingType":18,"Quality":6},{"NameSeed":12558,"FactionId":0,"Sector":0,"LocationId":0,"BuildingType":18,"Quality":19},{"NameSeed":60640,"FactionId":0,"Sector":0,"LocationId":0,"BuildingType":18,"Quality":19},{"NameSeed":18787,"FactionId":0,"Sector":0,"LocationId":0,"BuildingType":18,"Quality":14},{"NameSeed":53835,"FactionId":0,"Sector":0,"LocationId":0,"BuildingType":18,"Quality":9},{"NameSeed":44866,"FactionId":0,"Sector":0,"LocationId":0,"BuildingType":18,"Quality":4},{"NameSeed":18385,"FactionId":0,"Sector":0,"LocationId":0,"BuildingType":18,"Quality":17},{"NameSeed":5100,"FactionId":0,"Sector":0,"LocationId":0,"BuildingType":18,"Quality":12},{"NameSeed":11286,"FactionId":0,"Sector":0,"LocationId":0,"BuildingType":18,"Quality":16},{"NameSeed":59153,"FactionId":0,"Sector":0,"LocationId":0,"BuildingType":18,"Quality":11},{"NameSeed":20740,"FactionId":0,"Sector":0,"LocationId":0,"BuildingType":19,"Quality":10},{"NameSeed":25550,"FactionId":0,"Sector":0,"LocationId":0,"BuildingType":19,"Quality":15},{"NameSeed":9151,"FactionId":0,"Sector":0,"LocationId":0,"BuildingType":18,"Quality":14},{"NameSeed":32880,"FactionId":0,"Sector":0,"LocationId":0,"BuildingType":21,"Quality":19},{"NameSeed":14559,"FactionId":0,"Sector":0,"LocationId":0,"BuildingType":21,"Quality":9},{"NameSeed":308,"FactionId":0,"Sector":0,"LocationId":0,"BuildingType":21,"Quality":18},{"NameSeed":5117,"FactionId":0,"Sector":0,"LocationId":0,"BuildingType":21,"Quality":3},{"NameSeed":36203,"FactionId":0,"Sector":0,"LocationId":0,"BuildingType":17,"Quality":17},{"NameSeed":37517,"FactionId":0,"Sector":0,"LocationId":0,"BuildingType":18,"Quality":18},{"NameSeed":53324,"FactionId":0,"Sector":0,"LocationId":0,"BuildingType":19,"Quality":4},{"NameSeed":15671,"FactionId":0,"Sector":0,"LocationId":0,"BuildingType":18,"Quality":4},{"NameSeed":56676,"FactionId":0,"Sector":0,"LocationId":0,"BuildingType":18,"Quality":6},{"NameSeed":18186,"FactionId":0,"Sector":0,"LocationId":0,"BuildingType":18,"Quality":4},{"NameSeed":55434,"FactionId":0,"Sector":0,"LocationId":0,"BuildingType":15,"Quality":14},{"NameSeed":33187,"FactionId":0,"Sector":0,"LocationId":0,"BuildingType":18,"Quality":4},{"NameSeed":52491,"FactionId":0,"Sector":0,"LocationId":0,"BuildingType":18,"Quality":10},{"NameSeed":21684,"FactionId":0,"Sector":0,"LocationId":0,"BuildingType":18,"Quality":6},{"NameSeed":37731,"FactionId":0,"Sector":0,"LocationId":0,"BuildingType":18,"Quality":2},{"NameSeed":8634,"FactionId":0,"Sector":0,"LocationId":0,"BuildingType":18,"Quality":15},{"NameSeed":24526,"FactionId":0,"Sector":0,"LocationId":0,"BuildingType":19,"Quality":6},{"NameSeed":59453,"FactionId":0,"Sector":0,"LocationId":0,"BuildingType":18,"Quality":4},{"NameSeed":27205,"FactionId":0,"Sector":0,"LocationId":0,"BuildingType":18,"Quality":20},{"NameSeed":61674,"FactionId":0,"Sector":0,"LocationId":0,"BuildingType":18,"Quality":10},{"NameSeed":44456,"FactionId":0,"Sector":0,"LocationId":0,"BuildingType":18,"Quality":2},{"NameSeed":15412,"FactionId":0,"Sector":0,"LocationId":0,"BuildingType":18,"Quality":4},{"NameSeed":14259,"FactionId":0,"Sector":0,"LocationId":0,"BuildingType":18,"Quality":11},{"NameSeed":33489,"FactionId":0,"Sector":0,"LocationId":0,"BuildingType":18,"Quality":16},{"NameSeed":12178,"FactionId":0,"Sector":0,"LocationId":0,"BuildingType":18,"Quality":16},{"NameSeed":61135,"FactionId":0,"Sector":0,"LocationId":0,"BuildingType":18,"Quality":1},{"NameSeed":11782,"FactionId":0,"Sector":0,"LocationId":0,"BuildingType":18,"Quality":4},{"NameSeed":44590,"FactionId":0,"Sector":0,"LocationId":0,"BuildingType":18,"Quality":4},{"NameSeed":43400,"FactionId":0,"Sector":0,"LocationId":0,"BuildingType":18,"Quality":16},{"NameSeed":51548,"FactionId":0,"Sector":0,"LocationId":0,"BuildingType":19,"Quality":11},{"NameSeed":41772,"FactionId":0,"Sector":0,"LocationId":0,"BuildingType":19,"Quality":15},{"NameSeed":40002,"FactionId":0,"Sector":0,"LocationId":0,"BuildingType":18,"Quality":16},{"NameSeed":35751,"FactionId":0,"Sector":0,"LocationId":0,"BuildingType":21,"Quality":17},{"NameSeed":50394,"FactionId":0,"Sector":0,"LocationId":0,"BuildingType":21,"Quality":12},{"NameSeed":1950,"FactionId":0,"Sector":0,"LocationId":0,"BuildingType":21,"Quality":14},{"NameSeed":31393,"FactionId":0,"Sector":0,"LocationId":0,"BuildingType":21,"Quality":11},{"NameSeed":45502,"FactionId":0,"Sector":0,"LocationId":0,"BuildingType":18,"Quality":10},{"NameSeed":38005,"FactionId":0,"Sector":0,"LocationId":0,"BuildingType":18,"Quality":17},{"NameSeed":37794,"FactionId":0,"Sector":0,"LocationId":0,"BuildingType":18,"Quality":6},{"NameSeed":50582,"FactionId":0,"Sector":0,"LocationId":0,"BuildingType":18,"Quality":4},{"NameSeed":28883,"FactionId":0,"Sector":0,"LocationId":0,"BuildingType":18,"Quality":5},{"NameSeed":38033,"FactionId":0,"Sector":0,"LocationId":0,"BuildingType":18,"Quality":16},{"NameSeed":21808,"FactionId":0,"Sector":0,"LocationId":0,"BuildingType":18,"Quality":15},{"NameSeed":49491,"FactionId":0,"Sector":0,"LocationId":0,"BuildingType":18,"Quality":17},{"NameSeed":35156,"FactionId":0,"Sector":0,"LocationId":0,"BuildingType":18,"Quality":6},{"NameSeed":41354,"FactionId":0,"Sector":0,"LocationId":0,"BuildingType":18,"Quality":9},{"NameSeed":33126,"FactionId":0,"Sector":0,"LocationId":0,"BuildingType":18,"Quality":15},{"NameSeed":51477,"FactionId":0,"Sector":0,"LocationId":0,"BuildingType":18,"Quality":7},{"NameSeed":52905,"FactionId":0,"Sector":0,"LocationId":0,"BuildingType":18,"Quality":2},{"NameSeed":10322,"FactionId":0,"Sector":0,"LocationId":0,"BuildingType":18,"Quality":14},{"NameSeed":28289,"FactionId":0,"Sector":0,"LocationId":0,"BuildingType":18,"Quality":13},{"NameSeed":4642,"FactionId":0,"Sector":0,"LocationId":0,"BuildingType":18,"Quality":7},{"NameSeed":44843,"FactionId":0,"Sector":0,"LocationId":0,"BuildingType":18,"Quality":15},{"NameSeed":28202,"FactionId":0,"Sector":0,"LocationId":0,"BuildingType":18,"Quality":6},{"NameSeed":53378,"FactionId":0,"Sector":0,"LocationId":0,"BuildingType":18,"Quality":4},{"NameSeed":6942,"FactionId":0,"Sector":0,"LocationId":0,"BuildingType":18,"Quality":5},{"NameSeed":34988,"FactionId":0,"Sector":0,"LocationId":0,"BuildingType":18,"Quality":9},{"NameSeed":42272,"FactionId":0,"Sector":0,"LocationId":0,"BuildingType":18,"Quality":14},{"NameSeed":7002,"FactionId":0,"Sector":0,"LocationId":0,"BuildingType":18,"Quality":6},{"NameSeed":40227,"FactionId":0,"Sector":0,"LocationId":0,"BuildingType":18,"Quality":3},{"NameSeed":41716,"FactionId":0,"Sector":0,"LocationId":0,"BuildingType":18,"Quality":14},{"NameSeed":7468,"FactionId":0,"Sector":0,"LocationId":0,"BuildingType":19,"Quality":6},{"NameSeed":60791,"FactionId":0,"Sector":0,"LocationId":0,"BuildingType":19,"Quality":2},{"NameSeed":35580,"FactionId":0,"Sector":0,"LocationId":0,"BuildingType":18,"Quality":3},{"NameSeed":52386,"FactionId":0,"Sector":0,"LocationId":0,"BuildingType":21,"Quality":3},{"NameSeed":20389,"FactionId":0,"Sector":0,"LocationId":0,"BuildingType":21,"Quality":16},{"NameSeed":20857,"FactionId":0,"Sector":0,"LocationId":0,"BuildingType":21,"Quality":19},{"NameSeed":58181,"FactionId":0,"Sector":0,"LocationId":0,"BuildingType":21,"Quality":7},{"NameSeed":42111,"FactionId":0,"Sector":0,"LocationId":0,"BuildingType":18,"Quality":15},{"NameSeed":23033,"FactionId":0,"Sector":0,"LocationId":0,"BuildingType":18,"Quality":3},{"NameSeed":1623,"FactionId":0,"Sector":0,"LocationId":0,"BuildingType":18,"Quality":18},{"NameSeed":30456,"FactionId":0,"Sector":0,"LocationId":0,"BuildingType":18,"Quality":14},{"NameSeed":15952,"FactionId":0,"Sector":0,"LocationId":0,"BuildingType":18,"Quality":3},{"NameSeed":41310,"FactionId":0,"Sector":0,"LocationId":0,"BuildingType":18,"Quality":20},{"NameSeed":2061,"FactionId":0,"Sector":0,"LocationId":0,"BuildingType":18,"Quality":16},{"NameSeed":10111,"FactionId":0,"Sector":0,"LocationId":0,"BuildingType":18,"Quality":15},{"NameSeed":42976,"FactionId":0,"Sector":0,"LocationId":0,"BuildingType":18,"Quality":7},{"NameSeed":25641,"FactionId":0,"Sector":0,"LocationId":0,"BuildingType":18,"Quality":3},{"NameSeed":59304,"FactionId":0,"Sector":0,"LocationId":0,"BuildingType":18,"Quality":11},{"NameSeed":39758,"FactionId":0,"Sector":0,"LocationId":0,"BuildingType":18,"Quality":19},{"NameSeed":30335,"FactionId":0,"Sector":0,"LocationId":0,"BuildingType":18,"Quality":7},{"NameSeed":59496,"FactionId":0,"Sector":0,"LocationId":0,"BuildingType":18,"Quality":10},{"NameSeed":18348,"FactionId":0,"Sector":0,"LocationId":0,"BuildingType":18,"Quality":2},{"NameSeed":12737,"FactionId":0,"Sector":0,"LocationId":0,"BuildingType":18,"Quality":11},{"NameSeed":47463,"FactionId":0,"Sector":0,"LocationId":0,"BuildingType":18,"Quality":4},{"NameSeed":61550,"FactionId":0,"Sector":0,"LocationId":0,"BuildingType":18,"Quality":3},{"NameSeed":10760,"FactionId":0,"Sector":0,"LocationId":0,"BuildingType":18,"Quality":4},{"NameSeed":27800,"FactionId":0,"Sector":0,"LocationId":0,"BuildingType":18,"Quality":7},{"NameSeed":18590,"FactionId":0,"Sector":0,"LocationId":0,"BuildingType":18,"Quality":15},{"NameSeed":52460,"FactionId":0,"Sector":0,"LocationId":0,"BuildingType":18,"Quality":4},{"NameSeed":26205,"FactionId":0,"Sector":0,"LocationId":0,"BuildingType":18,"Quality":7},{"NameSeed":49608,"FactionId":0,"Sector":0,"LocationId":0,"BuildingType":18,"Quality":1},{"NameSeed":9849,"FactionId":0,"Sector":0,"LocationId":0,"BuildingType":18,"Quality":13},{"NameSeed":52437,"FactionId":0,"Sector":0,"LocationId":0,"BuildingType":19,"Quality":3},{"NameSeed":7342,"FactionId":0,"Sector":0,"LocationId":0,"BuildingType":19,"Quality":15},{"NameSeed":8208,"FactionId":0,"Sector":0,"LocationId":0,"BuildingType":18,"Quality":20},{"NameSeed":10324,"FactionId":0,"Sector":0,"LocationId":0,"BuildingType":21,"Quality":7},{"NameSeed":34026,"FactionId":0,"Sector":0,"LocationId":0,"BuildingType":21,"Quality":19},{"NameSeed":52487,"FactionId":0,"Sector":0,"LocationId":0,"BuildingType":21,"Quality":15},{"NameSeed":37273,"FactionId":0,"Sector":0,"LocationId":0,"BuildingType":21,"Quality":16},{"NameSeed":17101,"FactionId":0,"Sector":0,"LocationId":0,"BuildingType":18,"Quality":1},{"NameSeed":55322,"FactionId":0,"Sector":0,"LocationId":0,"BuildingType":18,"Quality":11},{"NameSeed":58994,"FactionId":0,"Sector":0,"LocationId":0,"BuildingType":18,"Quality":6},{"NameSeed":39140,"FactionId":0,"Sector":0,"LocationId":0,"BuildingType":18,"Quality":1},{"NameSeed":51875,"FactionId":0,"Sector":0,"LocationId":0,"BuildingType":18,"Quality":6},{"NameSeed":18332,"FactionId":0,"Sector":0,"LocationId":0,"BuildingType":18,"Quality":8},{"NameSeed":8801,"FactionId":0,"Sector":0,"LocationId":0,"BuildingType":18,"Quality":17},{"NameSeed":15110,"FactionId":0,"Sector":0,"LocationId":0,"BuildingType":18,"Quality":8},{"NameSeed":38883,"FactionId":0,"Sector":0,"LocationId":0,"BuildingType":18,"Quality":4},{"NameSeed":48755,"FactionId":0,"Sector":0,"LocationId":0,"BuildingType":18,"Quality":11},{"NameSeed":16787,"FactionId":0,"Sector":0,"LocationId":0,"BuildingType":18,"Quality":3},{"NameSeed":20379,"FactionId":0,"Sector":0,"LocationId":0,"BuildingType":18,"Quality":5},{"NameSeed":46521,"FactionId":0,"Sector":0,"LocationId":0,"BuildingType":18,"Quality":20},{"NameSeed":27579,"FactionId":0,"Sector":0,"LocationId":0,"BuildingType":18,"Quality":2},{"NameSeed":52661,"FactionId":0,"Sector":0,"LocationId":0,"BuildingType":18,"Quality":4},{"NameSeed":31235,"FactionId":0,"Sector":0,"LocationId":0,"BuildingType":18,"Quality":13},{"NameSeed":47403,"FactionId":0,"Sector":0,"LocationId":0,"BuildingType":18,"Quality":7},{"NameSeed":60383,"FactionId":0,"Sector":0,"LocationId":0,"BuildingType":18,"Quality":12},{"NameSeed":9501,"FactionId":0,"Sector":0,"LocationId":0,"BuildingType":18,"Quality":8},{"NameSeed":34271,"FactionId":0,"Sector":0,"LocationId":0,"BuildingType":18,"Quality":13},{"NameSeed":2559,"FactionId":0,"Sector":0,"LocationId":0,"BuildingType":18,"Quality":6},{"NameSeed":39158,"FactionId":0,"Sector":0,"LocationId":0,"BuildingType":18,"Quality":2},{"NameSeed":11315,"FactionId":0,"Sector":0,"LocationId":0,"BuildingType":18,"Quality":3},{"NameSeed":52464,"FactionId":0,"Sector":0,"LocationId":0,"BuildingType":18,"Quality":13},{"NameSeed":32157,"FactionId":0,"Sector":0,"LocationId":0,"BuildingType":18,"Quality":13},{"NameSeed":64209,"FactionId":0,"Sector":0,"LocationId":0,"BuildingType":19,"Quality":6},{"NameSeed":42754,"FactionId":0,"Sector":0,"LocationId":0,"BuildingType":19,"Quality":15},{"NameSeed":47137,"FactionId":0,"Sector":0,"LocationId":0,"BuildingType":18,"Quality":7},{"NameSeed":50346,"FactionId":0,"Sector":0,"LocationId":0,"BuildingType":21,"Quality":7},{"NameSeed":64624,"FactionId":0,"Sector":0,"LocationId":0,"BuildingType":21,"Quality":5},{"NameSeed":47063,"FactionId":0,"Sector":0,"LocationId":0,"BuildingType":21,"Quality":18},{"NameSeed":3767,"FactionId":0,"Sector":0,"LocationId":0,"BuildingType":21,"Quality":8},{"NameSeed":53437,"FactionId":0,"Sector":0,"LocationId":0,"BuildingType":18,"Quality":12},{"NameSeed":39238,"FactionId":0,"Sector":0,"LocationId":0,"BuildingType":15,"Quality":18},{"NameSeed":62755,"FactionId":0,"Sector":0,"LocationId":0,"BuildingType":19,"Quality":14},{"NameSeed":30253,"FactionId":0,"Sector":0,"LocationId":0,"BuildingType":18,"Quality":17},{"NameSeed":55828,"FactionId":0,"Sector":0,"LocationId":0,"BuildingType":18,"Quality":8},{"NameSeed":29563,"FactionId":0,"Sector":0,"LocationId":0,"BuildingType":18,"Quality":7},{"NameSeed":49177,"FactionId":0,"Sector":0,"LocationId":0,"BuildingType":18,"Quality":3},{"NameSeed":14384,"FactionId":0,"Sector":0,"LocationId":0,"BuildingType":19,"Quality":3},{"NameSeed":16496,"FactionId":0,"Sector":0,"LocationId":0,"BuildingType":18,"Quality":13},{"NameSeed":57440,"FactionId":0,"Sector":0,"LocationId":0,"BuildingType":18,"Quality":13},{"NameSeed":42005,"FactionId":0,"Sector":0,"LocationId":0,"BuildingType":18,"Quality":15},{"NameSeed":12727,"FactionId":0,"Sector":0,"LocationId":0,"BuildingType":18,"Quality":19},{"NameSeed":37671,"FactionId":0,"Sector":0,"LocationId":0,"BuildingType":18,"Quality":1},{"NameSeed":24116,"FactionId":0,"Sector":0,"LocationId":0,"BuildingType":18,"Quality":11},{"NameSeed":3494,"FactionId":0,"Sector":0,"LocationId":0,"BuildingType":18,"Quality":5},{"NameSeed":1707,"FactionId":0,"Sector":0,"LocationId":0,"BuildingType":18,"Quality":19},{"NameSeed":43581,"FactionId":0,"Sector":0,"LocationId":0,"BuildingType":18,"Quality":15},{"NameSeed":64667,"FactionId":0,"Sector":0,"LocationId":0,"BuildingType":18,"Quality":18},{"NameSeed":1329,"FactionId":0,"Sector":0,"LocationId":0,"BuildingType":18,"Quality":11},{"NameSeed":49908,"FactionId":0,"Sector":0,"LocationId":0,"BuildingType":18,"Quality":4},{"NameSeed":59749,"FactionId":0,"Sector":0,"LocationId":0,"BuildingType":18,"Quality":9},{"NameSeed":64044,"FactionId":0,"Sector":0,"LocationId":0,"BuildingType":18,"Quality":16},{"NameSeed":41493,"FactionId":0,"Sector":0,"LocationId":0,"BuildingType":18,"Quality":15},{"NameSeed":30294,"FactionId":0,"Sector":0,"LocationId":0,"BuildingType":18,"Quality":4},{"NameSeed":53588,"FactionId":0,"Sector":0,"LocationId":0,"BuildingType":18,"Quality":16},{"NameSeed":63700,"FactionId":0,"Sector":0,"LocationId":0,"BuildingType":19,"Quality":7},{"NameSeed":16011,"FactionId":0,"Sector":0,"LocationId":0,"BuildingType":19,"Quality":11},{"NameSeed":48956,"FactionId":0,"Sector":0,"LocationId":0,"BuildingType":18,"Quality":11},{"NameSeed":52920,"FactionId":0,"Sector":0,"LocationId":0,"BuildingType":21,"Quality":17},{"NameSeed":2557,"FactionId":0,"Sector":0,"LocationId":0,"BuildingType":21,"Quality":20},{"NameSeed":8920,"FactionId":0,"Sector":0,"LocationId":0,"BuildingType":21,"Quality":19},{"NameSeed":34674,"FactionId":0,"Sector":0,"LocationId":0,"BuildingType":21,"Quality":17},{"NameSeed":44312,"FactionId":0,"Sector":0,"LocationId":0,"BuildingType":21,"Quality":15},{"NameSeed":56318,"FactionId":0,"Sector":0,"LocationId":0,"BuildingType":21,"Quality":14},{"NameSeed":35934,"FactionId":0,"Sector":0,"LocationId":0,"BuildingType":21,"Quality":2},{"NameSeed":46182,"FactionId":0,"Sector":0,"LocationId":0,"BuildingType":21,"Quality":20},{"NameSeed":17228,"FactionId":0,"Sector":0,"LocationId":0,"BuildingType":21,"Quality":19},{"NameSeed":2674,"FactionId":0,"Sector":0,"LocationId":0,"BuildingType":21,"Quality":2},{"NameSeed":55458,"FactionId":0,"Sector":0,"LocationId":0,"BuildingType":18,"Quality":19},{"NameSeed":47627,"FactionId":0,"Sector":0,"LocationId":0,"BuildingType":18,"Quality":10},{"NameSeed":38090,"FactionId":0,"Sector":0,"LocationId":0,"BuildingType":18,"Quality":20},{"NameSeed":56745,"FactionId":0,"Sector":0,"LocationId":0,"BuildingType":18,"Quality":7},{"NameSeed":12958,"FactionId":0,"Sector":0,"LocationId":0,"BuildingType":18,"Quality":2},{"NameSeed":41579,"FactionId":0,"Sector":0,"LocationId":0,"BuildingType":18,"Quality":9},{"NameSeed":27453,"FactionId":0,"Sector":0,"LocationId":0,"BuildingType":18,"Quality":15},{"NameSeed":57688,"FactionId":0,"Sector":0,"LocationId":0,"BuildingType":18,"Quality":11},{"NameSeed":6625,"FactionId":236,"Sector":0,"LocationId":0,"BuildingType":2,"Quality":7},{"NameSeed":57885,"FactionId":0,"Sector":0,"LocationId":0,"BuildingType":18,"Quality":18},{"NameSeed":9388,"FactionId":0,"Sector":0,"LocationId":0,"BuildingType":18,"Quality":12},{"NameSeed":61879,"FactionId":0,"Sector":0,"LocationId":0,"BuildingType":18,"Quality":7},{"NameSeed":22397,"FactionId":0,"Sector":0,"LocationId":0,"BuildingType":18,"Quality":5},{"NameSeed":21846,"FactionId":510,"Sector":0,"LocationId":0,"BuildingType":6,"Quality":12},{"NameSeed":64724,"FactionId":0,"Sector":0,"LocationId":0,"BuildingType":18,"Quality":18},{"NameSeed":368,"FactionId":0,"Sector":0,"LocationId":0,"BuildingType":19,"Quality":8},{"NameSeed":51732,"FactionId":0,"Sector":0,"LocationId":0,"BuildingType":19,"Quality":1},{"NameSeed":56962,"FactionId":0,"Sector":0,"LocationId":0,"BuildingType":18,"Quality":14},{"NameSeed":3614,"FactionId":0,"Sector":0,"LocationId":0,"BuildingType":18,"Quality":17},{"NameSeed":49621,"FactionId":0,"Sector":0,"LocationId":0,"BuildingType":18,"Quality":18},{"NameSeed":51691,"FactionId":0,"Sector":0,"LocationId":0,"BuildingType":18,"Quality":13},{"NameSeed":63762,"FactionId":0,"Sector":0,"LocationId":0,"BuildingType":18,"Quality":11},{"NameSeed":26320,"FactionId":0,"Sector":0,"LocationId":0,"BuildingType":18,"Quality":14},{"NameSeed":24387,"FactionId":0,"Sector":0,"LocationId":0,"BuildingType":18,"Quality":17},{"NameSeed":44605,"FactionId":0,"Sector":0,"LocationId":0,"BuildingType":18,"Quality":16},{"NameSeed":14699,"FactionId":0,"Sector":0,"LocationId":0,"BuildingType":0,"Quality":7},{"NameSeed":12068,"FactionId":0,"Sector":0,"LocationId":0,"BuildingType":21,"Quality":20},{"NameSeed":42866,"FactionId":0,"Sector":0,"LocationId":0,"BuildingType":21,"Quality":20},{"NameSeed":23070,"FactionId":0,"Sector":0,"LocationId":0,"BuildingType":21,"Quality":1},{"NameSeed":65443,"FactionId":0,"Sector":0,"LocationId":0,"BuildingType":21,"Quality":10},{"NameSeed":50007,"FactionId":0,"Sector":0,"LocationId":0,"BuildingType":21,"Quality":12},{"NameSeed":16988,"FactionId":0,"Sector":0,"LocationId":0,"BuildingType":21,"Quality":10},{"NameSeed":61141,"FactionId":0,"Sector":0,"LocationId":0,"BuildingType":18,"Quality":13},{"NameSeed":13225,"FactionId":0,"Sector":0,"LocationId":0,"BuildingType":18,"Quality":7},{"NameSeed":19646,"FactionId":0,"Sector":0,"LocationId":0,"BuildingType":18,"Quality":8},{"NameSeed":54808,"FactionId":0,"Sector":0,"LocationId":0,"BuildingType":18,"Quality":1},{"NameSeed":39797,"FactionId":0,"Sector":0,"LocationId":0,"BuildingType":18,"Quality":4},{"NameSeed":16822,"FactionId":0,"Sector":0,"LocationId":0,"BuildingType":18,"Quality":20},{"NameSeed":39996,"FactionId":0,"Sector":0,"LocationId":0,"BuildingType":18,"Quality":19},{"NameSeed":1516,"FactionId":0,"Sector":0,"LocationId":0,"BuildingType":18,"Quality":17},{"NameSeed":62227,"FactionId":236,"Sector":0,"LocationId":0,"BuildingType":2,"Quality":5},{"NameSeed":41012,"FactionId":0,"Sector":0,"LocationId":0,"BuildingType":18,"Quality":11},{"NameSeed":41229,"FactionId":0,"Sector":0,"LocationId":0,"BuildingType":18,"Quality":6},{"NameSeed":53961,"FactionId":0,"Sector":0,"LocationId":0,"BuildingType":18,"Quality":16},{"NameSeed":37633,"FactionId":0,"Sector":0,"LocationId":0,"BuildingType":18,"Quality":18},{"NameSeed":3347,"FactionId":510,"Sector":0,"LocationId":0,"BuildingType":6,"Quality":11},{"NameSeed":61256,"FactionId":0,"Sector":0,"LocationId":0,"BuildingType":18,"Quality":2},{"NameSeed":24462,"FactionId":0,"Sector":0,"LocationId":0,"BuildingType":19,"Quality":4},{"NameSeed":62780,"FactionId":0,"Sector":0,"LocationId":0,"BuildingType":19,"Quality":11},{"NameSeed":23150,"FactionId":0,"Sector":0,"LocationId":0,"BuildingType":18,"Quality":14},{"NameSeed":56219,"FactionId":0,"Sector":0,"LocationId":0,"BuildingType":18,"Quality":12},{"NameSeed":40740,"FactionId":0,"Sector":0,"LocationId":0,"BuildingType":18,"Quality":12},{"NameSeed":62925,"FactionId":0,"Sector":0,"LocationId":0,"BuildingType":18,"Quality":11},{"NameSeed":27265,"FactionId":0,"Sector":0,"LocationId":0,"BuildingType":18,"Quality":6},{"NameSeed":37146,"FactionId":0,"Sector":0,"LocationId":0,"BuildingType":18,"Quality":1},{"NameSeed":14715,"FactionId":0,"Sector":0,"LocationId":0,"BuildingType":18,"Quality":10},{"NameSeed":20434,"FactionId":0,"Sector":0,"LocationId":0,"BuildingType":18,"Quality":5},{"NameSeed":50794,"FactionId":0,"Sector":0,"LocationId":0,"BuildingType":0,"Quality":3},{"NameSeed":46158,"FactionId":0,"Sector":0,"LocationId":0,"BuildingType":18,"Quality":16},{"NameSeed":29620,"FactionId":0,"Sector":0,"LocationId":0,"BuildingType":18,"Quality":17},{"NameSeed":33196,"FactionId":0,"Sector":0,"LocationId":0,"BuildingType":18,"Quality":4},{"NameSeed":33907,"FactionId":0,"Sector":0,"LocationId":0,"BuildingType":18,"Quality":17},{"NameSeed":53403,"FactionId":0,"Sector":0,"LocationId":0,"BuildingType":18,"Quality":14},{"NameSeed":10825,"FactionId":0,"Sector":0,"LocationId":0,"BuildingType":18,"Quality":10},{"NameSeed":52428,"FactionId":0,"Sector":0,"LocationId":0,"BuildingType":18,"Quality":13},{"NameSeed":14760,"FactionId":0,"Sector":0,"LocationId":0,"BuildingType":18,"Quality":7},{"NameSeed":24739,"FactionId":0,"Sector":0,"LocationId":0,"BuildingType":18,"Quality":15},{"NameSeed":57401,"FactionId":0,"Sector":0,"LocationId":0,"BuildingType":18,"Quality":15},{"NameSeed":4413,"FactionId":0,"Sector":0,"LocationId":0,"BuildingType":19,"Quality":4},{"NameSeed":38906,"FactionId":0,"Sector":0,"LocationId":0,"BuildingType":18,"Quality":10},{"NameSeed":27339,"FactionId":0,"Sector":0,"LocationId":0,"BuildingType":18,"Quality":3},{"NameSeed":34281,"FactionId":0,"Sector":0,"LocationId":0,"BuildingType":18,"Quality":14},{"NameSeed":42903,"FactionId":0,"Sector":0,"LocationId":0,"BuildingType":18,"Quality":4},{"NameSeed":23826,"FactionId":0,"Sector":0,"LocationId":0,"BuildingType":18,"Quality":9},{"NameSeed":20898,"FactionId":0,"Sector":0,"LocationId":0,"BuildingType":18,"Quality":8},{"NameSeed":32132,"FactionId":0,"Sector":0,"LocationId":0,"BuildingType":18,"Quality":5},{"NameSeed":23516,"FactionId":0,"Sector":0,"LocationId":0,"BuildingType":18,"Quality":11},{"NameSeed":21349,"FactionId":0,"Sector":0,"LocationId":0,"BuildingType":18,"Quality":9},{"NameSeed":45686,"FactionId":0,"Sector":0,"LocationId":0,"BuildingType":18,"Quality":1},{"NameSeed":20975,"FactionId":0,"Sector":0,"LocationId":0,"BuildingType":18,"Quality":4},{"NameSeed":27512,"FactionId":0,"Sector":0,"LocationId":0,"BuildingType":18,"Quality":3},{"NameSeed":31336,"FactionId":0,"Sector":0,"LocationId":0,"BuildingType":18,"Quality":6},{"NameSeed":16755,"FactionId":0,"Sector":0,"LocationId":0,"BuildingType":18,"Quality":18},{"NameSeed":33123,"FactionId":0,"Sector":0,"LocationId":0,"BuildingType":19,"Quality":6},{"NameSeed":10399,"FactionId":0,"Sector":0,"LocationId":0,"BuildingType":19,"Quality":9},{"NameSeed":38104,"FactionId":0,"Sector":0,"LocationId":0,"BuildingType":18,"Quality":2},{"NameSeed":21705,"FactionId":0,"Sector":0,"LocationId":0,"BuildingType":21,"Quality":11},{"NameSeed":27348,"FactionId":0,"Sector":0,"LocationId":0,"BuildingType":21,"Quality":12},{"NameSeed":44383,"FactionId":0,"Sector":0,"LocationId":0,"BuildingType":21,"Quality":3},{"NameSeed":40725,"FactionId":0,"Sector":0,"LocationId":0,"BuildingType":21,"Quality":9},{"NameSeed":28655,"FactionId":0,"Sector":0,"LocationId":0,"BuildingType":17,"Quality":7},{"NameSeed":46102,"FactionId":0,"Sector":0,"LocationId":0,"BuildingType":18,"Quality":16},{"NameSeed":38731,"FactionId":0,"Sector":0,"LocationId":0,"BuildingType":19,"Quality":9},{"NameSeed":26434,"FactionId":0,"Sector":0,"LocationId":0,"BuildingType":18,"Quality":7},{"NameSeed":5268,"FactionId":0,"Sector":0,"LocationId":0,"BuildingType":18,"Quality":1},{"NameSeed":38796,"FactionId":0,"Sector":0,"LocationId":0,"BuildingType":18,"Quality":10},{"NameSeed":22985,"FactionId":0,"Sector":0,"LocationId":0,"BuildingType":15,"Quality":11},{"NameSeed":54191,"FactionId":0,"Sector":0,"LocationId":0,"BuildingType":18,"Quality":10},{"NameSeed":65016,"FactionId":0,"Sector":0,"LocationId":0,"BuildingType":18,"Quality":3},{"NameSeed":26338,"FactionId":0,"Sector":0,"LocationId":0,"BuildingType":18,"Quality":16},{"NameSeed":9968,"FactionId":0,"Sector":0,"LocationId":0,"BuildingType":18,"Quality":14},{"NameSeed":38517,"FactionId":0,"Sector":0,"LocationId":0,"BuildingType":18,"Quality":18},{"NameSeed":17493,"FactionId":0,"Sector":0,"LocationId":0,"BuildingType":19,"Quality":10},{"NameSeed":13990,"FactionId":0,"Sector":0,"LocationId":0,"BuildingType":18,"Quality":11},{"NameSeed":34802,"FactionId":0,"Sector":0,"LocationId":0,"BuildingType":18,"Quality":14},{"NameSeed":46694,"FactionId":0,"Sector":0,"LocationId":0,"BuildingType":18,"Quality":3},{"NameSeed":352,"FactionId":0,"Sector":0,"LocationId":0,"BuildingType":18,"Quality":16},{"NameSeed":3511,"FactionId":0,"Sector":0,"LocationId":0,"BuildingType":18,"Quality":8},{"NameSeed":46172,"FactionId":0,"Sector":0,"LocationId":0,"BuildingType":18,"Quality":10},{"NameSeed":63409,"FactionId":0,"Sector":0,"LocationId":0,"BuildingType":18,"Quality":16},{"NameSeed":40131,"FactionId":0,"Sector":0,"LocationId":0,"BuildingType":18,"Quality":7},{"NameSeed":46599,"FactionId":0,"Sector":0,"LocationId":0,"BuildingType":18,"Quality":3},{"NameSeed":62439,"FactionId":0,"Sector":0,"LocationId":0,"BuildingType":18,"Quality":5},{"NameSeed":62055,"FactionId":0,"Sector":0,"LocationId":0,"BuildingType":18,"Quality":11},{"NameSeed":35113,"FactionId":0,"Sector":0,"LocationId":0,"BuildingType":18,"Quality":9},{"NameSeed":21044,"FactionId":0,"Sector":0,"LocationId":0,"BuildingType":19,"Quality":4},{"NameSeed":31109,"FactionId":0,"Sector":0,"LocationId":0,"BuildingType":19,"Quality":13},{"NameSeed":39479,"FactionId":0,"Sector":0,"LocationId":0,"BuildingType":18,"Quality":17},{"NameSeed":44061,"FactionId":0,"Sector":0,"LocationId":0,"BuildingType":21,"Quality":6},{"NameSeed":31690,"FactionId":0,"Sector":0,"LocationId":0,"BuildingType":21,"Quality":6},{"NameSeed":19095,"FactionId":0,"Sector":0,"LocationId":0,"BuildingType":21,"Quality":13},{"NameSeed":26361,"FactionId":0,"Sector":0,"LocationId":0,"BuildingType":21,"Quality":1},{"NameSeed":36507,"FactionId":0,"Sector":0,"LocationId":0,"BuildingType":18,"Quality":19},{"NameSeed":34236,"FactionId":0,"Sector":0,"LocationId":0,"BuildingType":18,"Quality":4},{"NameSeed":39617,"FactionId":0,"Sector":0,"LocationId":0,"BuildingType":18,"Quality":18},{"NameSeed":8200,"FactionId":0,"Sector":0,"LocationId":0,"BuildingType":18,"Quality":7},{"NameSeed":23680,"FactionId":0,"Sector":0,"LocationId":0,"BuildingType":18,"Quality":20},{"NameSeed":58601,"FactionId":0,"Sector":0,"LocationId":0,"BuildingType":18,"Quality":6},{"NameSeed":44050,"FactionId":0,"Sector":0,"LocationId":0,"BuildingType":18,"Quality":6},{"NameSeed":27546,"FactionId":0,"Sector":0,"LocationId":0,"BuildingType":18,"Quality":20},{"NameSeed":57646,"FactionId":0,"Sector":0,"LocationId":0,"BuildingType":18,"Quality":6},{"NameSeed":11203,"FactionId":0,"Sector":0,"LocationId":0,"BuildingType":18,"Quality":14},{"NameSeed":19294,"FactionId":0,"Sector":0,"LocationId":0,"BuildingType":18,"Quality":12},{"NameSeed":16358,"FactionId":0,"Sector":0,"LocationId":0,"BuildingType":18,"Quality":4},{"NameSeed":35828,"FactionId":0,"Sector":0,"LocationId":0,"BuildingType":18,"Quality":19},{"NameSeed":64566,"FactionId":0,"Sector":0,"LocationId":0,"BuildingType":18,"Quality":15},{"NameSeed":14970,"FactionId":0,"Sector":0,"LocationId":0,"BuildingType":18,"Quality":4},{"NameSeed":10055,"FactionId":0,"Sector":0,"LocationId":0,"BuildingType":18,"Quality":19},{"NameSeed":49777,"FactionId":0,"Sector":0,"LocationId":0,"BuildingType":18,"Quality":12},{"NameSeed":49602,"FactionId":0,"Sector":0,"LocationId":0,"BuildingType":18,"Quality":15},{"NameSeed":62361,"FactionId":0,"Sector":0,"LocationId":0,"BuildingType":18,"Quality":8},{"NameSeed":44886,"FactionId":0,"Sector":0,"LocationId":0,"BuildingType":18,"Quality":17},{"NameSeed":10236,"FactionId":0,"Sector":0,"LocationId":0,"BuildingType":18,"Quality":13},{"NameSeed":3178,"FactionId":0,"Sector":0,"LocationId":0,"BuildingType":18,"Quality":15},{"NameSeed":9427,"FactionId":0,"Sector":0,"LocationId":0,"BuildingType":18,"Quality":7},{"NameSeed":63278,"FactionId":0,"Sector":0,"LocationId":0,"BuildingType":18,"Quality":10},{"NameSeed":61418,"FactionId":0,"Sector":0,"LocationId":0,"BuildingType":18,"Quality":6},{"NameSeed":35479,"FactionId":0,"Sector":0,"LocationId":0,"BuildingType":19,"Quality":6},{"NameSeed":27441,"FactionId":0,"Sector":0,"LocationId":0,"BuildingType":19,"Quality":3},{"NameSeed":46930,"FactionId":0,"Sector":0,"LocationId":0,"BuildingType":18,"Quality":15},{"NameSeed":35293,"FactionId":0,"Sector":0,"LocationId":0,"BuildingType":21,"Quality":15},{"NameSeed":48810,"FactionId":0,"Sector":0,"LocationId":0,"BuildingType":21,"Quality":19},{"NameSeed":13660,"FactionId":0,"Sector":0,"LocationId":0,"BuildingType":21,"Quality":7},{"NameSeed":21044,"FactionId":0,"Sector":0,"LocationId":0,"BuildingType":21,"Quality":18},{"NameSeed":27135,"FactionId":0,"Sector":0,"LocationId":0,"BuildingType":21,"Quality":20},{"NameSeed":24246,"FactionId":0,"Sector":0,"LocationId":0,"BuildingType":21,"Quality":10},{"NameSeed":57829,"FactionId":0,"Sector":0,"LocationId":0,"BuildingType":21,"Quality":9},{"NameSeed":63178,"FactionId":0,"Sector":0,"LocationId":0,"BuildingType":21,"Quality":10},{"NameSeed":33199,"FactionId":0,"Sector":0,"LocationId":0,"BuildingType":21,"Quality":6},{"NameSeed":18806,"FactionId":0,"Sector":0,"LocationId":0,"BuildingType":21,"Quality":19},{"NameSeed":36425,"FactionId":0,"Sector":0,"LocationId":0,"BuildingType":18,"Quality":19},{"NameSeed":15608,"FactionId":0,"Sector":0,"LocationId":0,"BuildingType":18,"Quality":19},{"NameSeed":14419,"FactionId":0,"Sector":0,"LocationId":0,"BuildingType":18,"Quality":11},{"NameSeed":64655,"FactionId":0,"Sector":0,"LocationId":0,"BuildingType":18,"Quality":6},{"NameSeed":52882,"FactionId":0,"Sector":0,"LocationId":0,"BuildingType":18,"Quality":3},{"NameSeed":46989,"FactionId":0,"Sector":0,"LocationId":0,"BuildingType":18,"Quality":10},{"NameSeed":48636,"FactionId":0,"Sector":0,"LocationId":0,"BuildingType":18,"Quality":14},{"NameSeed":19303,"FactionId":0,"Sector":0,"LocationId":0,"BuildingType":18,"Quality":11},{"NameSeed":14825,"FactionId":236,"Sector":0,"LocationId":0,"BuildingType":2,"Quality":19},{"NameSeed":58234,"FactionId":0,"Sector":0,"LocationId":0,"BuildingType":18,"Quality":10},{"NameSeed":9777,"FactionId":0,"Sector":0,"LocationId":0,"BuildingType":18,"Quality":18},{"NameSeed":16400,"FactionId":0,"Sector":0,"LocationId":0,"BuildingType":18,"Quality":4},{"NameSeed":43650,"FactionId":0,"Sector":0,"LocationId":0,"BuildingType":18,"Quality":11},{"NameSeed":35098,"FactionId":510,"Sector":0,"LocationId":0,"BuildingType":6,"Quality":7},{"NameSeed":41796,"FactionId":0,"Sector":0,"LocationId":0,"BuildingType":18,"Quality":1},{"NameSeed":34994,"FactionId":0,"Sector":0,"LocationId":0,"BuildingType":19,"Quality":2},{"NameSeed":23675,"FactionId":0,"Sector":0,"LocationId":0,"BuildingType":19,"Quality":10},{"NameSeed":61930,"FactionId":0,"Sector":0,"LocationId":0,"BuildingType":18,"Quality":8},{"NameSeed":64204,"FactionId":0,"Sector":0,"LocationId":0,"BuildingType":18,"Quality":4},{"NameSeed":43645,"FactionId":0,"Sector":0,"LocationId":0,"BuildingType":18,"Quality":20},{"NameSeed":59359,"FactionId":0,"Sector":0,"LocationId":0,"BuildingType":18,"Quality":14},{"NameSeed":52607,"FactionId":0,"Sector":0,"LocationId":0,"BuildingType":18,"Quality":19},{"NameSeed":23872,"FactionId":0,"Sector":0,"LocationId":0,"BuildingType":18,"Quality":19},{"NameSeed":23250,"FactionId":0,"Sector":0,"LocationId":0,"BuildingType":18,"Quality":2},{"NameSeed":61253,"FactionId":0,"Sector":0,"LocationId":0,"BuildingType":18,"Quality":9},{"NameSeed":42697,"FactionId":0,"Sector":0,"LocationId":0,"BuildingType":0,"Quality":11},{"NameSeed":36523,"FactionId":0,"Sector":0,"LocationId":0,"BuildingType":17,"Quality":5},{"NameSeed":11169,"FactionId":0,"Sector":0,"LocationId":0,"BuildingType":18,"Quality":10},{"NameSeed":13418,"FactionId":0,"Sector":0,"LocationId":0,"BuildingType":19,"Quality":3},{"NameSeed":20367,"FactionId":0,"Sector":0,"LocationId":0,"BuildingType":18,"Quality":10},{"NameSeed":40338,"FactionId":0,"Sector":0,"LocationId":0,"BuildingType":18,"Quality":16},{"NameSeed":8950,"FactionId":0,"Sector":0,"LocationId":0,"BuildingType":18,"Quality":5},{"NameSeed":23518,"FactionId":0,"Sector":0,"LocationId":0,"BuildingType":15,"Quality":9},{"NameSeed":26551,"FactionId":0,"Sector":0,"LocationId":0,"BuildingType":18,"Quality":6},{"NameSeed":49320,"FactionId":0,"Sector":0,"LocationId":0,"BuildingType":18,"Quality":5},{"NameSeed":45160,"FactionId":0,"Sector":0,"LocationId":0,"BuildingType":18,"Quality":10},{"NameSeed":9395,"FactionId":0,"Sector":0,"LocationId":0,"BuildingType":18,"Quality":16},{"NameSeed":51517,"FactionId":0,"Sector":0,"LocationId":0,"BuildingType":18,"Quality":10},{"NameSeed":5798,"FactionId":0,"Sector":0,"LocationId":0,"BuildingType":19,"Quality":2},{"NameSeed":2756,"FactionId":0,"Sector":0,"LocationId":0,"BuildingType":18,"Quality":18},{"NameSeed":26666,"FactionId":0,"Sector":0,"LocationId":0,"BuildingType":18,"Quality":9},{"NameSeed":5199,"FactionId":0,"Sector":0,"LocationId":0,"BuildingType":18,"Quality":4},{"NameSeed":41722,"FactionId":0,"Sector":0,"LocationId":0,"BuildingType":18,"Quality":17},{"NameSeed":26843,"FactionId":0,"Sector":0,"LocationId":0,"BuildingType":18,"Quality":16},{"NameSeed":46040,"FactionId":0,"Sector":0,"LocationId":0,"BuildingType":18,"Quality":14},{"NameSeed":13680,"FactionId":0,"Sector":0,"LocationId":0,"BuildingType":18,"Quality":14},{"NameSeed":7373,"FactionId":0,"Sector":0,"LocationId":0,"BuildingType":18,"Quality":17},{"NameSeed":61133,"FactionId":0,"Sector":0,"LocationId":0,"BuildingType":18,"Quality":9},{"NameSeed":1359,"FactionId":0,"Sector":0,"LocationId":0,"BuildingType":18,"Quality":18},{"NameSeed":13637,"FactionId":0,"Sector":0,"LocationId":0,"BuildingType":18,"Quality":1},{"NameSeed":22198,"FactionId":0,"Sector":0,"LocationId":0,"BuildingType":18,"Quality":9},{"NameSeed":49675,"FactionId":0,"Sector":0,"LocationId":0,"BuildingType":19,"Quality":17},{"NameSeed":30834,"FactionId":0,"Sector":0,"LocationId":0,"BuildingType":19,"Quality":14},{"NameSeed":56731,"FactionId":0,"Sector":0,"LocationId":0,"BuildingType":18,"Quality":11},{"NameSeed":8882,"FactionId":0,"Sector":0,"LocationId":0,"BuildingType":21,"Quality":2},{"NameSeed":32106,"FactionId":0,"Sector":0,"LocationId":0,"BuildingType":21,"Quality":5},{"NameSeed":58636,"FactionId":0,"Sector":0,"LocationId":0,"BuildingType":21,"Quality":19},{"NameSeed":27451,"FactionId":0,"Sector":0,"LocationId":0,"BuildingType":21,"Quality":18},{"NameSeed":5577,"FactionId":0,"Sector":0,"LocationId":0,"BuildingType":17,"Quality":7},{"NameSeed":45079,"FactionId":0,"Sector":0,"LocationId":0,"BuildingType":18,"Quality":5},{"NameSeed":14761,"FactionId":0,"Sector":0,"LocationId":0,"BuildingType":19,"Quality":13},{"NameSeed":8163,"FactionId":0,"Sector":0,"LocationId":0,"BuildingType":18,"Quality":19},{"NameSeed":36896,"FactionId":0,"Sector":0,"LocationId":0,"BuildingType":18,"Quality":14},{"NameSeed":45113,"FactionId":0,"Sector":0,"LocationId":0,"BuildingType":18,"Quality":3},{"NameSeed":51360,"FactionId":0,"Sector":0,"LocationId":0,"BuildingType":15,"Quality":12},{"NameSeed":38583,"FactionId":0,"Sector":0,"LocationId":0,"BuildingType":18,"Quality":18},{"NameSeed":5315,"FactionId":0,"Sector":0,"LocationId":0,"BuildingType":18,"Quality":15},{"NameSeed":8226,"FactionId":0,"Sector":0,"LocationId":0,"BuildingType":18,"Quality":3},{"NameSeed":51917,"FactionId":0,"Sector":0,"LocationId":0,"BuildingType":18,"Quality":6},{"NameSeed":12625,"FactionId":0,"Sector":0,"LocationId":0,"BuildingType":18,"Quality":2},{"NameSeed":39260,"FactionId":0,"Sector":0,"LocationId":0,"BuildingType":19,"Quality":6},{"NameSeed":14698,"FactionId":0,"Sector":0,"LocationId":0,"BuildingType":18,"Quality":18},{"NameSeed":46675,"FactionId":0,"Sector":0,"LocationId":0,"BuildingType":18,"Quality":17},{"NameSeed":48705,"FactionId":0,"Sector":0,"LocationId":0,"BuildingType":18,"Quality":14},{"NameSeed":14408,"FactionId":0,"Sector":0,"LocationId":0,"BuildingType":18,"Quality":12},{"NameSeed":35672,"FactionId":0,"Sector":0,"LocationId":0,"BuildingType":18,"Quality":15},{"NameSeed":8624,"FactionId":0,"Sector":0,"LocationId":0,"BuildingType":18,"Quality":5},{"NameSeed":61546,"FactionId":0,"Sector":0,"LocationId":0,"BuildingType":18,"Quality":13},{"NameSeed":15351,"FactionId":0,"Sector":0,"LocationId":0,"BuildingType":18,"Quality":19},{"NameSeed":38782,"FactionId":0,"Sector":0,"LocationId":0,"BuildingType":18,"Quality":9},{"NameSeed":7565,"FactionId":0,"Sector":0,"LocationId":0,"BuildingType":18,"Quality":8},{"NameSeed":48436,"FactionId":0,"Sector":0,"LocationId":0,"BuildingType":18,"Quality":1},{"NameSeed":65206,"FactionId":0,"Sector":0,"LocationId":0,"BuildingType":18,"Quality":12},{"NameSeed":10565,"FactionId":0,"Sector":0,"LocationId":0,"BuildingType":19,"Quality":2},{"NameSeed":22288,"FactionId":0,"Sector":0,"LocationId":0,"BuildingType":19,"Quality":20},{"NameSeed":6525,"FactionId":0,"Sector":0,"LocationId":0,"BuildingType":18,"Quality":1},{"NameSeed":37983,"FactionId":0,"Sector":0,"LocationId":0,"BuildingType":21,"Quality":9},{"NameSeed":44766,"FactionId":0,"Sector":0,"LocationId":0,"BuildingType":21,"Quality":13},{"NameSeed":23397,"FactionId":0,"Sector":0,"LocationId":0,"BuildingType":21,"Quality":14},{"NameSeed":12540,"FactionId":0,"Sector":0,"LocationId":0,"BuildingType":21,"Quality":8},{"NameSeed":27298,"FactionId":0,"Sector":0,"LocationId":0,"BuildingType":21,"Quality":12},{"NameSeed":22479,"FactionId":0,"Sector":0,"LocationId":0,"BuildingType":21,"Quality":8},{"NameSeed":40545,"FactionId":0,"Sector":0,"LocationId":0,"BuildingType":21,"Quality":14},{"NameSeed":37874,"FactionId":0,"Sector":0,"LocationId":0,"BuildingType":21,"Quality":3},{"NameSeed":52064,"FactionId":0,"Sector":0,"LocationId":0,"BuildingType":21,"Quality":13},{"NameSeed":48155,"FactionId":0,"Sector":0,"LocationId":0,"BuildingType":21,"Quality":2},{"NameSeed":56948,"FactionId":0,"Sector":0,"LocationId":0,"BuildingType":18,"Quality":15},{"NameSeed":28904,"FactionId":0,"Sector":0,"LocationId":0,"BuildingType":18,"Quality":2},{"NameSeed":36508,"FactionId":0,"Sector":0,"LocationId":0,"BuildingType":18,"Quality":6},{"NameSeed":63252,"FactionId":0,"Sector":0,"LocationId":0,"BuildingType":18,"Quality":2},{"NameSeed":58454,"FactionId":0,"Sector":0,"LocationId":0,"BuildingType":18,"Quality":19},{"NameSeed":59824,"FactionId":0,"Sector":0,"LocationId":0,"BuildingType":18,"Quality":3},{"NameSeed":57425,"FactionId":0,"Sector":0,"LocationId":0,"BuildingType":18,"Quality":8},{"NameSeed":25243,"FactionId":0,"Sector":0,"LocationId":0,"BuildingType":18,"Quality":5},{"NameSeed":33264,"FactionId":236,"Sector":0,"LocationId":0,"BuildingType":2,"Quality":9},{"NameSeed":6537,"FactionId":0,"Sector":0,"LocationId":0,"BuildingType":18,"Quality":7},{"NameSeed":15849,"FactionId":0,"Sector":0,"LocationId":0,"BuildingType":18,"Quality":3},{"NameSeed":5795,"FactionId":0,"Sector":0,"LocationId":0,"BuildingType":18,"Quality":12},{"NameSeed":24572,"FactionId":0,"Sector":0,"LocationId":0,"BuildingType":18,"Quality":2},{"NameSeed":1599,"FactionId":510,"Sector":0,"LocationId":0,"BuildingType":6,"Quality":13},{"NameSeed":51390,"FactionId":0,"Sector":0,"LocationId":0,"BuildingType":18,"Quality":16},{"NameSeed":13279,"FactionId":0,"Sector":0,"LocationId":0,"BuildingType":19,"Quality":13},{"NameSeed":8793,"FactionId":0,"Sector":0,"LocationId":0,"BuildingType":19,"Quality":6},{"NameSeed":25424,"FactionId":0,"Sector":0,"LocationId":0,"BuildingType":18,"Quality":15},{"NameSeed":63088,"FactionId":0,"Sector":0,"LocationId":0,"BuildingType":18,"Quality":1},{"NameSeed":34535,"FactionId":0,"Sector":0,"LocationId":0,"BuildingType":18,"Quality":7},{"NameSeed":44834,"FactionId":0,"Sector":0,"LocationId":0,"BuildingType":18,"Quality":14},{"NameSeed":2427,"FactionId":0,"Sector":0,"LocationId":0,"BuildingType":18,"Quality":2},{"NameSeed":46847,"FactionId":0,"Sector":0,"LocationId":0,"BuildingType":18,"Quality":11},{"NameSeed":30602,"FactionId":0,"Sector":0,"LocationId":0,"BuildingType":18,"Quality":5},{"NameSeed":2787,"FactionId":0,"Sector":0,"LocationId":0,"BuildingType":18,"Quality":10},{"NameSeed":2846,"FactionId":0,"Sector":0,"LocationId":0,"BuildingType":0,"Quality":5},{"NameSeed":6160,"FactionId":0,"Sector":0,"LocationId":0,"BuildingType":18,"Quality":14},{"NameSeed":5062,"FactionId":0,"Sector":0,"LocationId":0,"BuildingType":15,"Quality":3},{"NameSeed":53261,"FactionId":0,"Sector":0,"LocationId":0,"BuildingType":19,"Quality":10},{"NameSeed":34981,"FactionId":0,"Sector":0,"LocationId":0,"BuildingType":18,"Quality":3},{"NameSeed":41790,"FactionId":0,"Sector":0,"LocationId":0,"BuildingType":18,"Quality":9},{"NameSeed":20292,"FactionId":0,"Sector":0,"LocationId":0,"BuildingType":18,"Quality":1},{"NameSeed":43163,"FactionId":0,"Sector":0,"LocationId":0,"BuildingType":18,"Quality":2},{"NameSeed":63907,"FactionId":0,"Sector":0,"LocationId":0,"BuildingType":19,"Quality":17},{"NameSeed":16111,"FactionId":0,"Sector":0,"LocationId":0,"BuildingType":18,"Quality":7},{"NameSeed":449,"FactionId":0,"Sector":0,"LocationId":0,"BuildingType":18,"Quality":20},{"NameSeed":16157,"FactionId":0,"Sector":0,"LocationId":0,"BuildingType":18,"Quality":5},{"NameSeed":52173,"FactionId":0,"Sector":0,"LocationId":0,"BuildingType":18,"Quality":13},{"NameSeed":30382,"FactionId":0,"Sector":0,"LocationId":0,"BuildingType":18,"Quality":7},{"NameSeed":27948,"FactionId":0,"Sector":0,"LocationId":0,"BuildingType":18,"Quality":17},{"NameSeed":55735,"FactionId":0,"Sector":0,"LocationId":0,"BuildingType":18,"Quality":16},{"NameSeed":33734,"FactionId":0,"Sector":0,"LocationId":0,"BuildingType":18,"Quality":16},{"NameSeed":5018,"FactionId":0,"Sector":0,"LocationId":0,"BuildingType":18,"Quality":6},{"NameSeed":64779,"FactionId":0,"Sector":0,"LocationId":0,"BuildingType":18,"Quality":3},{"NameSeed":36414,"FactionId":0,"Sector":0,"LocationId":0,"BuildingType":18,"Quality":19},{"NameSeed":63587,"FactionId":0,"Sector":0,"LocationId":0,"BuildingType":18,"Quality":11},{"NameSeed":61907,"FactionId":0,"Sector":0,"LocationId":0,"BuildingType":18,"Quality":18},{"NameSeed":55317,"FactionId":0,"Sector":0,"LocationId":0,"BuildingType":18,"Quality":14},{"NameSeed":30441,"FactionId":0,"Sector":0,"LocationId":0,"BuildingType":18,"Quality":6},{"NameSeed":11271,"FactionId":0,"Sector":0,"LocationId":0,"BuildingType":18,"Quality":18},{"NameSeed":34662,"FactionId":0,"Sector":0,"LocationId":0,"BuildingType":18,"Quality":10},{"NameSeed":55822,"FactionId":0,"Sector":0,"LocationId":0,"BuildingType":19,"Quality":1},{"NameSeed":45855,"FactionId":0,"Sector":0,"LocationId":0,"BuildingType":19,"Quality":2},{"NameSeed":14084,"FactionId":0,"Sector":0,"LocationId":0,"BuildingType":18,"Quality":2},{"NameSeed":27209,"FactionId":0,"Sector":0,"LocationId":0,"BuildingType":21,"Quality":10},{"NameSeed":29986,"FactionId":0,"Sector":0,"LocationId":0,"BuildingType":21,"Quality":12},{"NameSeed":47035,"FactionId":0,"Sector":0,"LocationId":0,"BuildingType":21,"Quality":8},{"NameSeed":7641,"FactionId":0,"Sector":0,"LocationId":0,"BuildingType":21,"Quality":2},{"NameSeed":25127,"FactionId":0,"Sector":0,"LocationId":0,"BuildingType":18,"Quality":13},{"NameSeed":6036,"FactionId":0,"Sector":0,"LocationId":0,"BuildingType":15,"Quality":8},{"NameSeed":16838,"FactionId":0,"Sector":0,"LocationId":0,"BuildingType":19,"Quality":13},{"NameSeed":5908,"FactionId":0,"Sector":0,"LocationId":0,"BuildingType":18,"Quality":16},{"NameSeed":25482,"FactionId":0,"Sector":0,"LocationId":0,"BuildingType":18,"Quality":7},{"NameSeed":6899,"FactionId":0,"Sector":0,"LocationId":0,"BuildingType":18,"Quality":18},{"NameSeed":23190,"FactionId":0,"Sector":0,"LocationId":0,"BuildingType":18,"Quality":16},{"NameSeed":59957,"FactionId":0,"Sector":0,"LocationId":0,"BuildingType":19,"Quality":12},{"NameSeed":59665,"FactionId":0,"Sector":0,"LocationId":0,"BuildingType":18,"Quality":17},{"NameSeed":64056,"FactionId":0,"Sector":0,"LocationId":0,"BuildingType":18,"Quality":9},{"NameSeed":24971,"FactionId":0,"Sector":0,"LocationId":0,"BuildingType":18,"Quality":16},{"NameSeed":24238,"FactionId":0,"Sector":0,"LocationId":0,"BuildingType":18,"Quality":11},{"NameSeed":6609,"FactionId":0,"Sector":0,"LocationId":0,"BuildingType":18,"Quality":1},{"NameSeed":38855,"FactionId":0,"Sector":0,"LocationId":0,"BuildingType":18,"Quality":1},{"NameSeed":32401,"FactionId":0,"Sector":0,"LocationId":0,"BuildingType":18,"Quality":15},{"NameSeed":55481,"FactionId":0,"Sector":0,"LocationId":0,"BuildingType":18,"Quality":10},{"NameSeed":26293,"FactionId":0,"Sector":0,"LocationId":0,"BuildingType":18,"Quality":8},{"NameSeed":4751,"FactionId":0,"Sector":0,"LocationId":0,"BuildingType":18,"Quality":11},{"NameSeed":12810,"FactionId":0,"Sector":0,"LocationId":0,"BuildingType":18,"Quality":12},{"NameSeed":31428,"FactionId":0,"Sector":0,"LocationId":0,"BuildingType":18,"Quality":1},{"NameSeed":63235,"FactionId":0,"Sector":0,"LocationId":0,"BuildingType":18,"Quality":3},{"NameSeed":43871,"FactionId":0,"Sector":0,"LocationId":0,"BuildingType":18,"Quality":2},{"NameSeed":44237,"FactionId":0,"Sector":0,"LocationId":0,"BuildingType":18,"Quality":10},{"NameSeed":18515,"FactionId":0,"Sector":0,"LocationId":0,"BuildingType":18,"Quality":14},{"NameSeed":30386,"FactionId":0,"Sector":0,"LocationId":0,"BuildingType":18,"Quality":20},{"NameSeed":55558,"FactionId":0,"Sector":0,"LocationId":0,"BuildingType":19,"Quality":5},{"NameSeed":34659,"FactionId":0,"Sector":0,"LocationId":0,"BuildingType":19,"Quality":8},{"NameSeed":14954,"FactionId":0,"Sector":0,"LocationId":0,"BuildingType":18,"Quality":20},{"NameSeed":52843,"FactionId":0,"Sector":0,"LocationId":0,"BuildingType":21,"Quality":16},{"NameSeed":24091,"FactionId":0,"Sector":0,"LocationId":0,"BuildingType":21,"Quality":19},{"NameSeed":40061,"FactionId":0,"Sector":0,"LocationId":0,"BuildingType":21,"Quality":3},{"NameSeed":57682,"FactionId":0,"Sector":0,"LocationId":0,"BuildingType":21,"Quality":7},{"NameSeed":55398,"FactionId":0,"Sector":0,"LocationId":0,"BuildingType":18,"Quality":8},{"NameSeed":5286,"FactionId":0,"Sector":0,"LocationId":0,"BuildingType":15,"Quality":8},{"NameSeed":42047,"FactionId":0,"Sector":0,"LocationId":0,"BuildingType":19,"Quality":16},{"NameSeed":56709,"FactionId":0,"Sector":0,"LocationId":0,"BuildingType":18,"Quality":16},{"NameSeed":37716,"FactionId":0,"Sector":0,"LocationId":0,"BuildingType":18,"Quality":19},{"NameSeed":38516,"FactionId":0,"Sector":0,"LocationId":0,"BuildingType":18,"Quality":12},{"NameSeed":57962,"FactionId":0,"Sector":0,"LocationId":0,"BuildingType":18,"Quality":4},{"NameSeed":63333,"FactionId":0,"Sector":0,"LocationId":0,"BuildingType":19,"Quality":13},{"NameSeed":39198,"FactionId":0,"Sector":0,"LocationId":0,"BuildingType":18,"Quality":1},{"NameSeed":40299,"FactionId":0,"Sector":0,"LocationId":0,"BuildingType":18,"Quality":15},{"NameSeed":53632,"FactionId":0,"Sector":0,"LocationId":0,"BuildingType":18,"Quality":13},{"NameSeed":12217,"FactionId":0,"Sector":0,"LocationId":0,"BuildingType":18,"Quality":6},{"NameSeed":1519,"FactionId":0,"Sector":0,"LocationId":0,"BuildingType":18,"Quality":1},{"NameSeed":136,"FactionId":0,"Sector":0,"LocationId":0,"BuildingType":18,"Quality":1},{"NameSeed":45317,"FactionId":0,"Sector":0,"LocationId":0,"BuildingType":18,"Quality":2},{"NameSeed":62518,"FactionId":0,"Sector":0,"LocationId":0,"BuildingType":18,"Quality":7},{"NameSeed":42084,"FactionId":0,"Sector":0,"LocationId":0,"BuildingType":18,"Quality":4},{"NameSeed":36320,"FactionId":0,"Sector":0,"LocationId":0,"BuildingType":18,"Quality":17},{"NameSeed":22360,"FactionId":0,"Sector":0,"LocationId":0,"BuildingType":18,"Quality":2},{"NameSeed":5178,"FactionId":0,"Sector":0,"LocationId":0,"BuildingType":18,"Quality":3},{"NameSeed":11912,"FactionId":0,"Sector":0,"LocationId":0,"BuildingType":18,"Quality":3},{"NameSeed":41808,"FactionId":0,"Sector":0,"LocationId":0,"BuildingType":18,"Quality":19},{"NameSeed":26460,"FactionId":0,"Sector":0,"LocationId":0,"BuildingType":18,"Quality":5},{"NameSeed":12577,"FactionId":0,"Sector":0,"LocationId":0,"BuildingType":18,"Quality":12},{"NameSeed":41243,"FactionId":0,"Sector":0,"LocationId":0,"BuildingType":18,"Quality":19},{"NameSeed":34534,"FactionId":0,"Sector":0,"LocationId":0,"BuildingType":19,"Quality":8},{"NameSeed":54054,"FactionId":0,"Sector":0,"LocationId":0,"BuildingType":19,"Quality":12},{"NameSeed":42838,"FactionId":0,"Sector":0,"LocationId":0,"BuildingType":18,"Quality":3},{"NameSeed":52779,"FactionId":0,"Sector":0,"LocationId":0,"BuildingType":21,"Quality":20},{"NameSeed":18628,"FactionId":0,"Sector":0,"LocationId":0,"BuildingType":21,"Quality":7},{"NameSeed":2440,"FactionId":0,"Sector":0,"LocationId":0,"BuildingType":21,"Quality":11},{"NameSeed":43671,"FactionId":0,"Sector":0,"LocationId":0,"BuildingType":21,"Quality":6},{"NameSeed":9083,"FactionId":0,"Sector":0,"LocationId":0,"BuildingType":18,"Quality":8},{"NameSeed":54490,"FactionId":0,"Sector":0,"LocationId":0,"BuildingType":18,"Quality":7},{"NameSeed":63164,"FactionId":0,"Sector":0,"LocationId":0,"BuildingType":18,"Quality":12},{"NameSeed":11525,"FactionId":0,"Sector":0,"LocationId":0,"BuildingType":18,"Quality":3},{"NameSeed":54235,"FactionId":0,"Sector":0,"LocationId":0,"BuildingType":18,"Quality":16},{"NameSeed":45771,"FactionId":0,"Sector":0,"LocationId":0,"BuildingType":18,"Quality":13},{"NameSeed":544,"FactionId":0,"Sector":0,"LocationId":0,"BuildingType":18,"Quality":6},{"NameSeed":23011,"FactionId":0,"Sector":0,"LocationId":0,"BuildingType":18,"Quality":6},{"NameSeed":50090,"FactionId":0,"Sector":0,"LocationId":0,"BuildingType":18,"Quality":9},{"NameSeed":28658,"FactionId":0,"Sector":0,"LocationId":0,"BuildingType":18,"Quality":14},{"NameSeed":57105,"FactionId":0,"Sector":0,"LocationId":0,"BuildingType":19,"Quality":20},{"NameSeed":24663,"FactionId":0,"Sector":0,"LocationId":0,"BuildingType":18,"Quality":13},{"NameSeed":50571,"FactionId":0,"Sector":0,"LocationId":0,"BuildingType":18,"Quality":2},{"NameSeed":44992,"FactionId":0,"Sector":0,"LocationId":0,"BuildingType":18,"Quality":20},{"NameSeed":41238,"FactionId":0,"Sector":0,"LocationId":0,"BuildingType":18,"Quality":17},{"NameSeed":48762,"FactionId":0,"Sector":0,"LocationId":0,"BuildingType":18,"Quality":1},{"NameSeed":20340,"FactionId":0,"Sector":0,"LocationId":0,"BuildingType":18,"Quality":6},{"NameSeed":12856,"FactionId":0,"Sector":0,"LocationId":0,"BuildingType":18,"Quality":19},{"NameSeed":62905,"FactionId":0,"Sector":0,"LocationId":0,"BuildingType":18,"Quality":16},{"NameSeed":43376,"FactionId":0,"Sector":0,"LocationId":0,"BuildingType":18,"Quality":18},{"NameSeed":16213,"FactionId":0,"Sector":0,"LocationId":0,"BuildingType":18,"Quality":20},{"NameSeed":18379,"FactionId":0,"Sector":0,"LocationId":0,"BuildingType":18,"Quality":19},{"NameSeed":15084,"FactionId":0,"Sector":0,"LocationId":0,"BuildingType":18,"Quality":4},{"NameSeed":58765,"FactionId":0,"Sector":0,"LocationId":0,"BuildingType":18,"Quality":12},{"NameSeed":19140,"FactionId":0,"Sector":0,"LocationId":0,"BuildingType":18,"Quality":9},{"NameSeed":23483,"FactionId":0,"Sector":0,"LocationId":0,"BuildingType":19,"Quality":1},{"NameSeed":19978,"FactionId":0,"Sector":0,"LocationId":0,"BuildingType":19,"Quality":13},{"NameSeed":61781,"FactionId":0,"Sector":0,"LocationId":0,"BuildingType":18,"Quality":15},{"NameSeed":11767,"FactionId":0,"Sector":0,"LocationId":0,"BuildingType":21,"Quality":17},{"NameSeed":24359,"FactionId":0,"Sector":0,"LocationId":0,"BuildingType":21,"Quality":4},{"NameSeed":27548,"FactionId":0,"Sector":0,"LocationId":0,"BuildingType":21,"Quality":20},{"NameSeed":26507,"FactionId":0,"Sector":0,"LocationId":0,"BuildingType":21,"Quality":8},{"NameSeed":39501,"FactionId":0,"Sector":0,"LocationId":0,"BuildingType":18,"Quality":16},{"NameSeed":3194,"FactionId":0,"Sector":0,"LocationId":0,"BuildingType":15,"Quality":19},{"NameSeed":40823,"FactionId":0,"Sector":0,"LocationId":0,"BuildingType":19,"Quality":6},{"NameSeed":49205,"FactionId":0,"Sector":0,"LocationId":0,"BuildingType":18,"Quality":12},{"NameSeed":55465,"FactionId":0,"Sector":0,"LocationId":0,"BuildingType":18,"Quality":14},{"NameSeed":45047,"FactionId":0,"Sector":0,"LocationId":0,"BuildingType":18,"Quality":8},{"NameSeed":11071,"FactionId":0,"Sector":0,"LocationId":0,"BuildingType":18,"Quality":13},{"NameSeed":51975,"FactionId":0,"Sector":0,"LocationId":0,"BuildingType":19,"Quality":11},{"NameSeed":7652,"FactionId":0,"Sector":0,"LocationId":0,"BuildingType":18,"Quality":17},{"NameSeed":10129,"FactionId":0,"Sector":0,"LocationId":0,"BuildingType":18,"Quality":17},{"NameSeed":17928,"FactionId":0,"Sector":0,"LocationId":0,"BuildingType":18,"Quality":14},{"NameSeed":13484,"FactionId":0,"Sector":0,"LocationId":0,"BuildingType":18,"Quality":19},{"NameSeed":18089,"FactionId":0,"Sector":0,"LocationId":0,"BuildingType":18,"Quality":10},{"NameSeed":32232,"FactionId":0,"Sector":0,"LocationId":0,"BuildingType":18,"Quality":17},{"NameSeed":59420,"FactionId":0,"Sector":0,"LocationId":0,"BuildingType":18,"Quality":2},{"NameSeed":32860,"FactionId":0,"Sector":0,"LocationId":0,"BuildingType":18,"Quality":12},{"NameSeed":10342,"FactionId":0,"Sector":0,"LocationId":0,"BuildingType":18,"Quality":15},{"NameSeed":59197,"FactionId":0,"Sector":0,"LocationId":0,"BuildingType":18,"Quality":14},{"NameSeed":65417,"FactionId":0,"Sector":0,"LocationId":0,"BuildingType":18,"Quality":17},{"NameSeed":32015,"FactionId":0,"Sector":0,"LocationId":0,"BuildingType":18,"Quality":16},{"NameSeed":3749,"FactionId":0,"Sector":0,"LocationId":0,"BuildingType":18,"Quality":13},{"NameSeed":35713,"FactionId":0,"Sector":0,"LocationId":0,"BuildingType":18,"Quality":12},{"NameSeed":175,"FactionId":0,"Sector":0,"LocationId":0,"BuildingType":18,"Quality":11},{"NameSeed":17996,"FactionId":0,"Sector":0,"LocationId":0,"BuildingType":18,"Quality":4},{"NameSeed":65219,"FactionId":0,"Sector":0,"LocationId":0,"BuildingType":18,"Quality":14},{"NameSeed":29220,"FactionId":0,"Sector":0,"LocationId":0,"BuildingType":19,"Quality":6},{"NameSeed":9733,"FactionId":0,"Sector":0,"LocationId":0,"BuildingType":19,"Quality":9},{"NameSeed":20957,"FactionId":0,"Sector":0,"LocationId":0,"BuildingType":18,"Quality":11},{"NameSeed":56223,"FactionId":0,"Sector":0,"LocationId":0,"BuildingType":21,"Quality":15},{"NameSeed":669,"FactionId":0,"Sector":0,"LocationId":0,"BuildingType":21,"Quality":9},{"NameSeed":17137,"FactionId":0,"Sector":0,"LocationId":0,"BuildingType":21,"Quality":4},{"NameSeed":47937,"FactionId":0,"Sector":0,"LocationId":0,"BuildingType":21,"Quality":7},{"NameSeed":45796,"FactionId":0,"Sector":0,"LocationId":0,"BuildingType":18,"Quality":16},{"NameSeed":40303,"FactionId":0,"Sector":0,"LocationId":0,"BuildingType":15,"Quality":16},{"NameSeed":45603,"FactionId":0,"Sector":0,"LocationId":0,"BuildingType":19,"Quality":11},{"NameSeed":23776,"FactionId":0,"Sector":0,"LocationId":0,"BuildingType":18,"Quality":13},{"NameSeed":33142,"FactionId":0,"Sector":0,"LocationId":0,"BuildingType":18,"Quality":3},{"NameSeed":26590,"FactionId":0,"Sector":0,"LocationId":0,"BuildingType":18,"Quality":18},{"NameSeed":18043,"FactionId":0,"Sector":0,"LocationId":0,"BuildingType":18,"Quality":11},{"NameSeed":30924,"FactionId":0,"Sector":0,"LocationId":0,"BuildingType":19,"Quality":1},{"NameSeed":27791,"FactionId":0,"Sector":0,"LocationId":0,"BuildingType":18,"Quality":8},{"NameSeed":10098,"FactionId":0,"Sector":0,"LocationId":0,"BuildingType":18,"Quality":9},{"NameSeed":13884,"FactionId":0,"Sector":0,"LocationId":0,"BuildingType":18,"Quality":20},{"NameSeed":26054,"FactionId":0,"Sector":0,"LocationId":0,"BuildingType":18,"Quality":16},{"NameSeed":50548,"FactionId":0,"Sector":0,"LocationId":0,"BuildingType":18,"Quality":20},{"NameSeed":29069,"FactionId":0,"Sector":0,"LocationId":0,"BuildingType":18,"Quality":11},{"NameSeed":44823,"FactionId":0,"Sector":0,"LocationId":0,"BuildingType":18,"Quality":12},{"NameSeed":60963,"FactionId":0,"Sector":0,"LocationId":0,"BuildingType":18,"Quality":7},{"NameSeed":62111,"FactionId":0,"Sector":0,"LocationId":0,"BuildingType":18,"Quality":18},{"NameSeed":19814,"FactionId":0,"Sector":0,"LocationId":0,"BuildingType":18,"Quality":19},{"NameSeed":42399,"FactionId":0,"Sector":0,"LocationId":0,"BuildingType":18,"Quality":15},{"NameSeed":57064,"FactionId":0,"Sector":0,"LocationId":0,"BuildingType":18,"Quality":3},{"NameSeed":17215,"FactionId":0,"Sector":0,"LocationId":0,"BuildingType":18,"Quality":11},{"NameSeed":14319,"FactionId":0,"Sector":0,"LocationId":0,"BuildingType":18,"Quality":16},{"NameSeed":9637,"FactionId":0,"Sector":0,"LocationId":0,"BuildingType":18,"Quality":15},{"NameSeed":599,"FactionId":0,"Sector":0,"LocationId":0,"BuildingType":18,"Quality":12},{"NameSeed":26427,"FactionId":0,"Sector":0,"LocationId":0,"BuildingType":18,"Quality":18},{"NameSeed":55724,"FactionId":0,"Sector":0,"LocationId":0,"BuildingType":19,"Quality":1},{"NameSeed":10607,"FactionId":0,"Sector":0,"LocationId":0,"BuildingType":19,"Quality":7},{"NameSeed":39388,"FactionId":0,"Sector":0,"LocationId":0,"BuildingType":18,"Quality":20},{"NameSeed":26008,"FactionId":0,"Sector":0,"LocationId":0,"BuildingType":21,"Quality":3},{"NameSeed":1287,"FactionId":0,"Sector":0,"LocationId":0,"BuildingType":21,"Quality":7},{"NameSeed":14781,"FactionId":0,"Sector":0,"LocationId":0,"BuildingType":21,"Quality":20},{"NameSeed":10309,"FactionId":0,"Sector":0,"LocationId":0,"BuildingType":21,"Quality":14},{"NameSeed":64080,"FactionId":0,"Sector":0,"LocationId":0,"BuildingType":17,"Quality":19},{"NameSeed":8313,"FactionId":0,"Sector":0,"LocationId":0,"BuildingType":18,"Quality":7},{"NameSeed":34569,"FactionId":0,"Sector":0,"LocationId":0,"BuildingType":19,"Quality":2},{"NameSeed":13216,"FactionId":0,"Sector":0,"LocationId":0,"BuildingType":18,"Quality":11},{"NameSeed":47719,"FactionId":0,"Sector":0,"LocationId":0,"BuildingType":18,"Quality":18},{"NameSeed":42587,"FactionId":0,"Sector":0,"LocationId":0,"BuildingType":18,"Quality":9},{"NameSeed":25601,"FactionId":0,"Sector":0,"LocationId":0,"BuildingType":15,"Quality":17},{"NameSeed":39762,"FactionId":0,"Sector":0,"LocationId":0,"BuildingType":18,"Quality":4},{"NameSeed":27670,"FactionId":0,"Sector":0,"LocationId":0,"BuildingType":18,"Quality":6},{"NameSeed":42660,"FactionId":0,"Sector":0,"LocationId":0,"BuildingType":18,"Quality":14},{"NameSeed":35306,"FactionId":0,"Sector":0,"LocationId":0,"BuildingType":18,"Quality":15},{"NameSeed":55429,"FactionId":0,"Sector":0,"LocationId":0,"BuildingType":18,"Quality":19},{"NameSeed":58493,"FactionId":0,"Sector":0,"LocationId":0,"BuildingType":19,"Quality":14},{"NameSeed":45666,"FactionId":0,"Sector":0,"LocationId":0,"BuildingType":18,"Quality":15},{"NameSeed":42959,"FactionId":0,"Sector":0,"LocationId":0,"BuildingType":18,"Quality":14},{"NameSeed":45157,"FactionId":0,"Sector":0,"LocationId":0,"BuildingType":18,"Quality":19},{"NameSeed":24718,"FactionId":0,"Sector":0,"LocationId":0,"BuildingType":18,"Quality":18},{"NameSeed":19374,"FactionId":0,"Sector":0,"LocationId":0,"BuildingType":18,"Quality":17},{"NameSeed":50790,"FactionId":0,"Sector":0,"LocationId":0,"BuildingType":18,"Quality":6},{"NameSeed":47977,"FactionId":0,"Sector":0,"LocationId":0,"BuildingType":18,"Quality":16},{"NameSeed":39825,"FactionId":0,"Sector":0,"LocationId":0,"BuildingType":18,"Quality":5},{"NameSeed":50966,"FactionId":0,"Sector":0,"LocationId":0,"BuildingType":18,"Quality":14},{"NameSeed":34113,"FactionId":0,"Sector":0,"LocationId":0,"BuildingType":18,"Quality":15},{"NameSeed":45590,"FactionId":0,"Sector":0,"LocationId":0,"BuildingType":18,"Quality":5},{"NameSeed":37912,"FactionId":0,"Sector":0,"LocationId":0,"BuildingType":18,"Quality":6},{"NameSeed":21890,"FactionId":0,"Sector":0,"LocationId":0,"BuildingType":19,"Quality":12},{"NameSeed":18024,"FactionId":0,"Sector":0,"LocationId":0,"BuildingType":19,"Quality":6},{"NameSeed":54339,"FactionId":0,"Sector":0,"LocationId":0,"BuildingType":18,"Quality":5},{"NameSeed":17959,"FactionId":0,"Sector":0,"LocationId":0,"BuildingType":21,"Quality":11},{"NameSeed":14227,"FactionId":0,"Sector":0,"LocationId":0,"BuildingType":21,"Quality":3},{"NameSeed":1729,"FactionId":0,"Sector":0,"LocationId":0,"BuildingType":21,"Quality":9},{"NameSeed":49123,"FactionId":0,"Sector":0,"LocationId":0,"BuildingType":21,"Quality":3},{"NameSeed":50623,"FactionId":0,"Sector":0,"LocationId":0,"BuildingType":18,"Quality":7},{"NameSeed":8468,"FactionId":0,"Sector":0,"LocationId":0,"BuildingType":15,"Quality":17},{"NameSeed":21219,"FactionId":0,"Sector":0,"LocationId":0,"BuildingType":19,"Quality":2},{"NameSeed":52242,"FactionId":0,"Sector":0,"LocationId":0,"BuildingType":18,"Quality":20},{"NameSeed":330,"FactionId":0,"Sector":0,"LocationId":0,"BuildingType":18,"Quality":17},{"NameSeed":50050,"FactionId":0,"Sector":0,"LocationId":0,"BuildingType":18,"Quality":14},{"NameSeed":13081,"FactionId":0,"Sector":0,"LocationId":0,"BuildingType":18,"Quality":17},{"NameSeed":59123,"FactionId":0,"Sector":0,"LocationId":0,"BuildingType":19,"Quality":17},{"NameSeed":59834,"FactionId":0,"Sector":0,"LocationId":0,"BuildingType":18,"Quality":13},{"NameSeed":9995,"FactionId":0,"Sector":0,"LocationId":0,"BuildingType":18,"Quality":2},{"NameSeed":54382,"FactionId":0,"Sector":0,"LocationId":0,"BuildingType":18,"Quality":17},{"NameSeed":58240,"FactionId":0,"Sector":0,"LocationId":0,"BuildingType":18,"Quality":7},{"NameSeed":11345,"FactionId":0,"Sector":0,"LocationId":0,"BuildingType":18,"Quality":4},{"NameSeed":24508,"FactionId":0,"Sector":0,"LocationId":0,"BuildingType":18,"Quality":14},{"NameSeed":43097,"FactionId":0,"Sector":0,"LocationId":0,"BuildingType":18,"Quality":11},{"NameSeed":28757,"FactionId":0,"Sector":0,"LocationId":0,"BuildingType":18,"Quality":13},{"NameSeed":13225,"FactionId":0,"Sector":0,"LocationId":0,"BuildingType":18,"Quality":8},{"NameSeed":13657,"FactionId":0,"Sector":0,"LocationId":0,"BuildingType":18,"Quality":9},{"NameSeed":1164,"FactionId":0,"Sector":0,"LocationId":0,"BuildingType":18,"Quality":17},{"NameSeed":37374,"FactionId":0,"Sector":0,"LocationId":0,"BuildingType":18,"Quality":17},{"NameSeed":12888,"FactionId":0,"Sector":0,"LocationId":0,"BuildingType":18,"Quality":17},{"NameSeed":11704,"FactionId":0,"Sector":0,"LocationId":0,"BuildingType":18,"Quality":17},{"NameSeed":20927,"FactionId":0,"Sector":0,"LocationId":0,"BuildingType":18,"Quality":17},{"NameSeed":31344,"FactionId":0,"Sector":0,"LocationId":0,"BuildingType":18,"Quality":5},{"NameSeed":48991,"FactionId":0,"Sector":0,"LocationId":0,"BuildingType":18,"Quality":20},{"NameSeed":57824,"FactionId":0,"Sector":0,"LocationId":0,"BuildingType":19,"Quality":11},{"NameSeed":63323,"FactionId":0,"Sector":0,"LocationId":0,"BuildingType":19,"Quality":8},{"NameSeed":26168,"FactionId":0,"Sector":0,"LocationId":0,"BuildingType":18,"Quality":12},{"NameSeed":7044,"FactionId":0,"Sector":0,"LocationId":0,"BuildingType":21,"Quality":10},{"NameSeed":16034,"FactionId":0,"Sector":0,"LocationId":0,"BuildingType":21,"Quality":1},{"NameSeed":32868,"FactionId":0,"Sector":0,"LocationId":0,"BuildingType":21,"Quality":14},{"NameSeed":10121,"FactionId":0,"Sector":0,"LocationId":0,"BuildingType":21,"Quality":12},{"NameSeed":26922,"FactionId":0,"Sector":0,"LocationId":0,"BuildingType":18,"Quality":5},{"NameSeed":41743,"FactionId":0,"Sector":0,"LocationId":0,"BuildingType":18,"Quality":4},{"NameSeed":1560,"FactionId":0,"Sector":0,"LocationId":0,"BuildingType":19,"Quality":16},{"NameSeed":7641,"FactionId":0,"Sector":0,"LocationId":0,"BuildingType":18,"Quality":1},{"NameSeed":11907,"FactionId":0,"Sector":0,"LocationId":0,"BuildingType":18,"Quality":9},{"NameSeed":29202,"FactionId":0,"Sector":0,"LocationId":0,"BuildingType":19,"Quality":12},{"NameSeed":56097,"FactionId":0,"Sector":0,"LocationId":0,"BuildingType":18,"Quality":19},{"NameSeed":46203,"FactionId":0,"Sector":0,"LocationId":0,"BuildingType":18,"Quality":9},{"NameSeed":41078,"FactionId":0,"Sector":0,"LocationId":0,"BuildingType":18,"Quality":10},{"NameSeed":26853,"FactionId":0,"Sector":0,"LocationId":0,"BuildingType":19,"Quality":3},{"NameSeed":48621,"FactionId":0,"Sector":0,"LocationId":0,"BuildingType":18,"Quality":10},{"NameSeed":62346,"FactionId":0,"Sector":0,"LocationId":0,"BuildingType":19,"Quality":19},{"NameSeed":64889,"FactionId":0,"Sector":0,"LocationId":0,"BuildingType":19,"Quality":4},{"NameSeed":53415,"FactionId":0,"Sector":0,"LocationId":0,"BuildingType":18,"Quality":9},{"NameSeed":43377,"FactionId":0,"Sector":0,"LocationId":0,"BuildingType":19,"Quality":11},{"NameSeed":1055,"FactionId":0,"Sector":0,"LocationId":0,"BuildingType":18,"Quality":17},{"NameSeed":24482,"FactionId":0,"Sector":0,"LocationId":0,"BuildingType":18,"Quality":15},{"NameSeed":32333,"FactionId":0,"Sector":0,"LocationId":0,"BuildingType":18,"Quality":10},{"NameSeed":7874,"FactionId":0,"Sector":0,"LocationId":0,"BuildingType":18,"Quality":6},{"NameSeed":38633,"FactionId":0,"Sector":0,"LocationId":0,"BuildingType":18,"Quality":6},{"NameSeed":49815,"FactionId":0,"Sector":0,"LocationId":0,"BuildingType":18,"Quality":1},{"NameSeed":25166,"FactionId":0,"Sector":0,"LocationId":0,"BuildingType":18,"Quality":13},{"NameSeed":8180,"FactionId":0,"Sector":0,"LocationId":0,"BuildingType":18,"Quality":14},{"NameSeed":45607,"FactionId":0,"Sector":0,"LocationId":0,"BuildingType":18,"Quality":7},{"NameSeed":52916,"FactionId":0,"Sector":0,"LocationId":0,"BuildingType":18,"Quality":7},{"NameSeed":26047,"FactionId":0,"Sector":0,"LocationId":0,"BuildingType":19,"Quality":17},{"NameSeed":52870,"FactionId":0,"Sector":0,"LocationId":0,"BuildingType":19,"Quality":10},{"NameSeed":64876,"FactionId":0,"Sector":0,"LocationId":0,"BuildingType":18,"Quality":3},{"NameSeed":51384,"FactionId":0,"Sector":0,"LocationId":0,"BuildingType":21,"Quality":14},{"NameSeed":61140,"FactionId":0,"Sector":0,"LocationId":0,"BuildingType":21,"Quality":13},{"NameSeed":10462,"FactionId":0,"Sector":0,"LocationId":0,"BuildingType":21,"Quality":1},{"NameSeed":795,"FactionId":0,"Sector":0,"LocationId":0,"BuildingType":21,"Quality":17},{"NameSeed":45574,"FactionId":0,"Sector":0,"LocationId":0,"BuildingType":21,"Quality":15},{"NameSeed":9879,"FactionId":0,"Sector":0,"LocationId":0,"BuildingType":21,"Quality":18},{"NameSeed":52770,"FactionId":0,"Sector":0,"LocationId":0,"BuildingType":21,"Quality":3},{"NameSeed":58888,"FactionId":0,"Sector":0,"LocationId":0,"BuildingType":21,"Quality":20},{"NameSeed":34975,"FactionId":0,"Sector":0,"LocationId":0,"BuildingType":21,"Quality":15},{"NameSeed":11059,"FactionId":0,"Sector":0,"LocationId":0,"BuildingType":21,"Quality":3},{"NameSeed":39460,"FactionId":0,"Sector":0,"LocationId":0,"BuildingType":18,"Quality":19},{"NameSeed":31858,"FactionId":0,"Sector":0,"LocationId":0,"BuildingType":18,"Quality":5},{"NameSeed":17811,"FactionId":0,"Sector":0,"LocationId":0,"BuildingType":18,"Quality":14},{"NameSeed":2082,"FactionId":0,"Sector":0,"LocationId":0,"BuildingType":18,"Quality":4},{"NameSeed":29861,"FactionId":0,"Sector":0,"LocationId":0,"BuildingType":18,"Quality":19},{"NameSeed":53813,"FactionId":0,"Sector":0,"LocationId":0,"BuildingType":18,"Quality":8},{"NameSeed":50320,"FactionId":0,"Sector":0,"LocationId":0,"BuildingType":18,"Quality":19},{"NameSeed":1238,"FactionId":0,"Sector":0,"LocationId":0,"BuildingType":18,"Quality":6},{"NameSeed":4887,"FactionId":236,"Sector":0,"LocationId":0,"BuildingType":2,"Quality":8},{"NameSeed":2599,"FactionId":0,"Sector":0,"LocationId":0,"BuildingType":18,"Quality":12},{"NameSeed":33950,"FactionId":0,"Sector":0,"LocationId":0,"BuildingType":18,"Quality":19},{"NameSeed":27398,"FactionId":0,"Sector":0,"LocationId":0,"BuildingType":18,"Quality":8},{"NameSeed":56516,"FactionId":0,"Sector":0,"LocationId":0,"BuildingType":18,"Quality":18},{"NameSeed":8241,"FactionId":510,"Sector":0,"LocationId":0,"BuildingType":6,"Quality":18},{"NameSeed":35754,"FactionId":0,"Sector":0,"LocationId":0,"BuildingType":18,"Quality":20},{"NameSeed":44695,"FactionId":0,"Sector":0,"LocationId":0,"BuildingType":19,"Quality":16},{"NameSeed":43700,"FactionId":0,"Sector":0,"LocationId":0,"BuildingType":19,"Quality":2},{"NameSeed":39637,"FactionId":0,"Sector":0,"LocationId":0,"BuildingType":18,"Quality":10},{"NameSeed":53092,"FactionId":0,"Sector":0,"LocationId":0,"BuildingType":18,"Quality":13},{"NameSeed":19413,"FactionId":0,"Sector":0,"LocationId":0,"BuildingType":18,"Quality":2},{"NameSeed":15944,"FactionId":0,"Sector":0,"LocationId":0,"BuildingType":18,"Quality":6},{"NameSeed":34460,"FactionId":0,"Sector":0,"LocationId":0,"BuildingType":18,"Quality":3},{"NameSeed":12016,"FactionId":0,"Sector":0,"LocationId":0,"BuildingType":18,"Quality":12},{"NameSeed":53287,"FactionId":0,"Sector":0,"LocationId":0,"BuildingType":18,"Quality":18},{"NameSeed":31497,"FactionId":0,"Sector":0,"LocationId":0,"BuildingType":18,"Quality":11},{"NameSeed":11367,"FactionId":0,"Sector":0,"LocationId":0,"BuildingType":0,"Quality":1}],"ExteriorData":{"AnotherName":"The Old Refylfa Plantation","MapId":380941,"LocationId":414,"Width":5,"Height":5,"PortTownAndUnknown":0,"BlockNames":["FARMAA08.RMB","FARMAA09.RMB","FARMAA01.RMB","FARMAA02.RMB","FARMAA02.RMB","FARMAA07.RMB","FARMAA00.RMB","FARMAA00.RMB","FARMAA04.RMB","FARMAA09.RMB","FARMAA01.RMB","FARMAA00.RMB","FARMAA09.RMB","FARMAA09.RMB","FARMAA00.RMB","FARMAA08.RMB","FARMAA08.RMB","FARMAA08.RMB","FARMAA04.RMB","FARMAA08.RMB","FARMAA07.RMB","FARMAA09.RMB","FARMAA07.RMB","FARMAA05.RMB","FARMAA00.RMB"]}},"Dungeon":{"RecordElement":{"Header":{"X":0,"Y":0,"IsExterior":0,"Unknown2":0,"LocationId":0,"IsInterior":0,"ExteriorLocationId":0,"LocationName":null}},"Header":{"BlockCount":0},"Blocks":null},"Climate":{"WorldClimate":228,"ClimateType":400,"NatureSet":502,"GroundArchive":402,"NatureArchive":502,"SkyBase":24,"People":3,"Names":0},"Politic":52,"RegionIndex":180,"LocationIndex":0}