{"Loaded":true,"Name":"The Cairpti Farm","RegionName":"Satakalaam","HasDungeon":false,"MapTableData":{"MapId":311801,"Latitude":24064,"Longitude":102528,"LocationType":3,"DungeonType":255,"Discovered":false,"Key":0,"LocationId":412},"Exterior":{"RecordElement":{"Header":{"X":26261504,"Y":10205185,"IsExterior":32768,"Unknown2":0,"LocationId":412,"IsInterior":0,"ExteriorLocationId":412,"LocationName":"The Cairpti Farm"}},"BuildingCount":32,"Buildings":[{"NameSeed":50126,"FactionId":0,"Sector":0,"LocationId":0,"BuildingType":18,"Quality":15},{"NameSeed":28670,"FactionId":0,"Sector":0,"LocationId":0,"BuildingType":18,"Quality":6},{"NameSeed":12048,"FactionId":0,"Sector":0,"LocationId":0,"BuildingType":18,"Quality":20},{"NameSeed":29944,"FactionId":0,"Sector":0,"LocationId":0,"BuildingType":18,"Quality":12},{"NameSeed":63199,"FactionId":0,"Sector":0,"LocationId":0,"BuildingType":18,"Quality":7},{"NameSeed":16166,"FactionId":0,"Sector":0,"LocationId":0,"BuildingType":18,"Quality":5},{"NameSeed":34389,"FactionId":0,"Sector":0,"LocationId":0,"BuildingType":18,"Quality":20},{"NameSeed":6729,"FactionId":0,"Sector":0,"LocationId":0,"BuildingType":18,"Quality":17},{"NameSeed":11224,"FactionId":0,"Sector":0,"LocationId":0,"BuildingType":18,"Quality":11},{"NameSeed":9176,"FactionId":0,"Sector":0,"LocationId":0,"BuildingType":18,"Quality":16},{"NameSeed":16617,"FactionId":0,"Sector":0,"LocationId":0,"BuildingType":18,"Quality":18},{"NameSeed":29627,"FactionId":0,"Sector":0,"LocationId":0,"BuildingType":18,"Quality":19},{"NameSeed":64179,"FactionId":0,"Sector":0,"LocationId":0,"BuildingType":18,"Quality":15},{"NameSeed":48150,"FactionId":0,"Sector":0,"LocationId":0,"BuildingType":18,"Quality":9},{"NameSeed":65140,"FactionId":0,"Sector":0,"LocationId":0,"BuildingType":18,"Quality":14},{"NameSeed":3539,"FactionId":0,"Sector":0,"LocationId":0,"BuildingType":18,"Quality":18},{"NameSeed":35245,"FactionId":0,"Sector":0,"LocationId":0,"BuildingType":18,"Quality":12},{"NameSeed":35282,"FactionId":0,"Sector":0,"LocationId":0,"BuildingType":18,"Quality":8},{"NameSeed":19739,"FactionId":0,"Sector":0,"LocationId":0,"BuildingType":18,"Quality":2},{"NameSeed":46087,"FactionId":0,"Sector":0,"LocationId":0,"BuildingType":18,"Quality":4},{"NameSeed":28745,"FactionId":0,"Sector":0,"LocationId":0,"BuildingType":18,"Quality":20},{"NameSeed":44120,"FactionId":0,"Sector":0,"LocationId":0,"BuildingType":18,"Quality":16},{"NameSeed":59916,"FactionId":0,"Sector":0,"LocationId":0,"BuildingType":18,"Quality":19},{"NameSeed":51869,"FactionId":0,"Sector":0,"LocationId":0,"BuildingType":18,"Quality":8},{"NameSeed":50890,"FactionId":0,"Sector":0,"LocationId":0,"BuildingType":18,"Quality":10},{"NameSeed":8199,"FactionId":0,"Sector":0,"LocationId":0,"BuildingType":19,"Quality":10},{"NameSeed":58617,"FactionId":0,"Sector":0,"LocationId":0,"BuildingType":19,"Quality":7},{"NameSeed":54909,"FactionId":0,"Sector":0,"LocationId":0,"BuildingType":18,"Quality":10},{"NameSeed":19717,"FactionId":0,"Sector":0,"LocationId":0,"BuildingType":21,"Quality":7},{"NameSeed":55059,"FactionId":0,"Sector":0,"LocationId":0,"BuildingType":21,"Quality":19},{"NameSeed":43887,"FactionId":0,"Sector":0,"LocationId":0,"BuildingType":21,"Quality":17},{"NameSeed":11557,"FactionId":0,"Sector":0,"LocationId":0,"BuildingType":21,"Quality":12}],"ExteriorData":{"AnotherName":"The Cairpti Farm","MapId":311801,"LocationId":412,"Width":1,"Height":1,"PortTownAndUnknown":0,"BlockNames":["FARMAA01.RMB"]}},"Dungeon":{"RecordElement":{"Header":{"X":0,"Y":0,"IsExterior":0,"Unknown2":0,"LocationId":0,"IsInterior":0,"ExteriorLocationId":0,"LocationName":null}},"Header":{"BlockCount":0},"Blocks":null},"Climate":{"WorldClimate":228,"ClimateType":400,"NatureSet":502,"GroundArchive":402,"NatureArchive":502,"SkyBase":24,"People":3,"Names":0},"Politic":50,"RegionIndex":178,"LocationIndex":0}