{"Loaded":true,"Name":"The Dista Orchard","RegionName":"Gavaudon","HasDungeon":false,"MapTableData":{"MapId":206980,"Latitude":37504,"Longitude":125440,"LocationType":3,"DungeonType":255,"Discovered":false,"Key":0,"LocationId":2524},"Exterior":{"RecordElement":{"Header":{"X":32118784,"Y":6756353,"IsExterior":32768,"Unknown2":0,"LocationId":2524,"IsInterior":0,"ExteriorLocationId":2524,"LocationName":"The Dista Orchard"}},"BuildingCount":800,"Buildings":[{"NameSeed":32956,"FactionId":0,"Sector":0,"LocationId":0,"BuildingType":21,"Quality":6},{"NameSeed":23836,"FactionId":0,"Sector":0,"LocationId":0,"BuildingType":21,"Quality":19},{"NameSeed":62921,"FactionId":0,"Sector":0,"LocationId":0,"BuildingType":21,"Quality":5},{"NameSeed":40906,"FactionId":0,"Sector":0,"LocationId":0,"BuildingType":21,"Quality":5},{"NameSeed":12272,"FactionId":0,"Sector":0,"LocationId":0,"BuildingType":21,"Quality":19},{"NameSeed":24309,"FactionId":0,"Sector":0,"LocationId":0,"BuildingType":21,"Quality":19},{"NameSeed":11677,"FactionId":0,"Sector":0,"LocationId":0,"BuildingType":18,"Quality":2},{"NameSeed":28332,"FactionId":0,"Sector":0,"LocationId":0,"BuildingType":18,"Quality":2},{"NameSeed":62501,"FactionId":0,"Sector":0,"LocationId":0,"BuildingType":18,"Quality":13},{"NameSeed":22509,"FactionId":0,"Sector":0,"LocationId":0,"BuildingType":18,"Quality":5},{"NameSeed":13562,"FactionId":0,"Sector":0,"LocationId":0,"BuildingType":18,"Quality":14},{"NameSeed":62729,"FactionId":0,"Sector":0,"LocationId":0,"BuildingType":18,"Quality":20},{"NameSeed":1916,"FactionId":0,"Sector":0,"LocationId":0,"BuildingType":18,"Quality":1},{"NameSeed":32481,"FactionId":0,"Sector":0,"LocationId":0,"BuildingType":18,"Quality":4},{"NameSeed":15888,"FactionId":236,"Sector":0,"LocationId":0,"BuildingType":2,"Quality":12},{"NameSeed":32511,"FactionId":0,"Sector":0,"LocationId":0,"BuildingType":18,"Quality":7},{"NameSeed":31759,"FactionId":0,"Sector":0,"LocationId":0,"BuildingType":18,"Quality":16},{"NameSeed":56660,"FactionId":0,"Sector":0,"LocationId":0,"BuildingType":18,"Quality":19},{"NameSeed":60049,"FactionId":0,"Sector":0,"LocationId":0,"BuildingType":18,"Quality":11},{"NameSeed":619,"FactionId":510,"Sector":0,"LocationId":0,"BuildingType":6,"Quality":14},{"NameSeed":48672,"FactionId":0,"Sector":0,"LocationId":0,"BuildingType":18,"Quality":12},{"NameSeed":62069,"FactionId":0,"Sector":0,"LocationId":0,"BuildingType":19,"Quality":9},{"NameSeed":5017,"FactionId":0,"Sector":0,"LocationId":0,"BuildingType":19,"Quality":16},{"NameSeed":33106,"FactionId":0,"Sector":0,"LocationId":0,"BuildingType":18,"Quality":13},{"NameSeed":60195,"FactionId":0,"Sector":0,"LocationId":0,"BuildingType":18,"Quality":1},{"NameSeed":53583,"FactionId":0,"Sector":0,"LocationId":0,"BuildingType":18,"Quality":1},{"NameSeed":37715,"FactionId":0,"Sector":0,"LocationId":0,"BuildingType":18,"Quality":12},{"NameSeed":47288,"FactionId":0,"Sector":0,"LocationId":0,"BuildingType":18,"Quality":11},{"NameSeed":26568,"FactionId":0,"Sector":0,"LocationId":0,"BuildingType":18,"Quality":14},{"NameSeed":64635,"FactionId":0,"Sector":0,"LocationId":0,"BuildingType":18,"Quality":10},{"NameSeed":33796,"FactionId":0,"Sector":0,"LocationId":0,"BuildingType":18,"Quality":14},{"NameSeed":57527,"FactionId":0,"Sector":0,"LocationId":0,"BuildingType":0,"Quality":1},{"NameSeed":21441,"FactionId":0,"Sector":0,"LocationId":0,"BuildingType":17,"Quality":7},{"NameSeed":59159,"FactionId":0,"Sector":0,"LocationId":0,"BuildingType":18,"Quality":17},{"NameSeed":25685,"FactionId":0,"Sector":0,"LocationId":0,"BuildingType":19,"Quality":6},{"NameSeed":57141,"FactionId":0,"Sector":0,"LocationId":0,"BuildingType":18,"Quality":18},{"NameSeed":12140,"FactionId":0,"Sector":0,"LocationId":0,"BuildingType":18,"Quality":20},{"NameSeed":58410,"FactionId":0,"Sector":0,"LocationId":0,"BuildingType":18,"Quality":12},{"NameSeed":52763,"FactionId":0,"Sector":0,"LocationId":0,"BuildingType":15,"Quality":7},{"NameSeed":8073,"FactionId":0,"Sector":0,"LocationId":0,"BuildingType":18,"Quality":3},{"NameSeed":24157,"FactionId":0,"Sector":0,"LocationId":0,"BuildingType":18,"Quality":9},{"NameSeed":9464,"FactionId":0,"Sector":0,"LocationId":0,"BuildingType":18,"Quality":3},{"NameSeed":43760,"FactionId":0,"Sector":0,"LocationId":0,"BuildingType":18,"Quality":2},{"NameSeed":6232,"FactionId":0,"Sector":0,"LocationId":0,"BuildingType":18,"Quality":10},{"NameSeed":23369,"FactionId":0,"Sector":0,"LocationId":0,"BuildingType":19,"Quality":12},{"NameSeed":63677,"FactionId":0,"Sector":0,"LocationId":0,"BuildingType":18,"Quality":15},{"NameSeed":23766,"FactionId":0,"Sector":0,"LocationId":0,"BuildingType":18,"Quality":14},{"NameSeed":19760,"FactionId":0,"Sector":0,"LocationId":0,"BuildingType":18,"Quality":11},{"NameSeed":11289,"FactionId":0,"Sector":0,"LocationId":0,"BuildingType":18,"Quality":12},{"NameSeed":61280,"FactionId":0,"Sector":0,"LocationId":0,"BuildingType":18,"Quality":15},{"NameSeed":32735,"FactionId":0,"Sector":0,"LocationId":0,"BuildingType":18,"Quality":4},{"NameSeed":21511,"FactionId":0,"Sector":0,"LocationId":0,"BuildingType":18,"Quality":19},{"NameSeed":37222,"FactionId":0,"Sector":0,"LocationId":0,"BuildingType":18,"Quality":6},{"NameSeed":50544,"FactionId":0,"Sector":0,"LocationId":0,"BuildingType":18,"Quality":11},{"NameSeed":57682,"FactionId":0,"Sector":0,"LocationId":0,"BuildingType":18,"Quality":1},{"NameSeed":39018,"FactionId":0,"Sector":0,"LocationId":0,"BuildingType":18,"Quality":3},{"NameSeed":12623,"FactionId":0,"Sector":0,"LocationId":0,"BuildingType":18,"Quality":10},{"NameSeed":22470,"FactionId":0,"Sector":0,"LocationId":0,"BuildingType":19,"Quality":18},{"NameSeed":27691,"FactionId":0,"Sector":0,"LocationId":0,"BuildingType":19,"Quality":9},{"NameSeed":27263,"FactionId":0,"Sector":0,"LocationId":0,"BuildingType":18,"Quality":14},{"NameSeed":62812,"FactionId":0,"Sector":0,"LocationId":0,"BuildingType":21,"Quality":1},{"NameSeed":57642,"FactionId":0,"Sector":0,"LocationId":0,"BuildingType":21,"Quality":14},{"NameSeed":32338,"FactionId":0,"Sector":0,"LocationId":0,"BuildingType":21,"Quality":15},{"NameSeed":6069,"FactionId":0,"Sector":0,"LocationId":0,"BuildingType":21,"Quality":12},{"NameSeed":13471,"FactionId":0,"Sector":0,"LocationId":0,"BuildingType":18,"Quality":20},{"NameSeed":5592,"FactionId":0,"Sector":0,"LocationId":0,"BuildingType":18,"Quality":18},{"NameSeed":25104,"FactionId":0,"Sector":0,"LocationId":0,"BuildingType":19,"Quality":16},{"NameSeed":61205,"FactionId":0,"Sector":0,"LocationId":0,"BuildingType":18,"Quality":10},{"NameSeed":16211,"FactionId":0,"Sector":0,"LocationId":0,"BuildingType":18,"Quality":1},{"NameSeed":57237,"FactionId":0,"Sector":0,"LocationId":0,"BuildingType":19,"Quality":13},{"NameSeed":55011,"FactionId":0,"Sector":0,"LocationId":0,"BuildingType":18,"Quality":20},{"NameSeed":26192,"FactionId":0,"Sector":0,"LocationId":0,"BuildingType":18,"Quality":4},{"NameSeed":30144,"FactionId":0,"Sector":0,"LocationId":0,"BuildingType":18,"Quality":1},{"NameSeed":47674,"FactionId":0,"Sector":0,"LocationId":0,"BuildingType":19,"Quality":7},{"NameSeed":59588,"FactionId":0,"Sector":0,"LocationId":0,"BuildingType":18,"Quality":5},{"NameSeed":37415,"FactionId":0,"Sector":0,"LocationId":0,"BuildingType":19,"Quality":10},{"NameSeed":26067,"FactionId":0,"Sector":0,"LocationId":0,"BuildingType":19,"Quality":16},{"NameSeed":34110,"FactionId":0,"Sector":0,"LocationId":0,"BuildingType":18,"Quality":5},{"NameSeed":63443,"FactionId":0,"Sector":0,"LocationId":0,"BuildingType":19,"Quality":13},{"NameSeed":18329,"FactionId":0,"Sector":0,"LocationId":0,"BuildingType":18,"Quality":10},{"NameSeed":49218,"FactionId":0,"Sector":0,"LocationId":0,"BuildingType":18,"Quality":17},{"NameSeed":8217,"FactionId":0,"Sector":0,"LocationId":0,"BuildingType":18,"Quality":5},{"NameSeed":30969,"FactionId":0,"Sector":0,"LocationId":0,"BuildingType":18,"Quality":18},{"NameSeed":61873,"FactionId":0,"Sector":0,"LocationId":0,"BuildingType":18,"Quality":3},{"NameSeed":43863,"FactionId":0,"Sector":0,"LocationId":0,"BuildingType":18,"Quality":11},{"NameSeed":5195,"FactionId":0,"Sector":0,"LocationId":0,"BuildingType":18,"Quality":4},{"NameSeed":5916,"FactionId":0,"Sector":0,"LocationId":0,"BuildingType":18,"Quality":1},{"NameSeed":4514,"FactionId":0,"Sector":0,"LocationId":0,"BuildingType":18,"Quality":15},{"NameSeed":12145,"FactionId":0,"Sector":0,"LocationId":0,"BuildingType":18,"Quality":8},{"NameSeed":50993,"FactionId":0,"Sector":0,"LocationId":0,"BuildingType":19,"Quality":20},{"NameSeed":40641,"FactionId":0,"Sector":0,"LocationId":0,"BuildingType":19,"Quality":7},{"NameSeed":16732,"FactionId":0,"Sector":0,"LocationId":0,"BuildingType":18,"Quality":10},{"NameSeed":25297,"FactionId":0,"Sector":0,"LocationId":0,"BuildingType":21,"Quality":17},{"NameSeed":40915,"FactionId":0,"Sector":0,"LocationId":0,"BuildingType":21,"Quality":16},{"NameSeed":12416,"FactionId":0,"Sector":0,"LocationId":0,"BuildingType":21,"Quality":9},{"NameSeed":41792,"FactionId":0,"Sector":0,"LocationId":0,"BuildingType":21,"Quality":3},{"NameSeed":2403,"FactionId":0,"Sector":0,"LocationId":0,"BuildingType":18,"Quality":20},{"NameSeed":48816,"FactionId":0,"Sector":0,"LocationId":0,"BuildingType":18,"Quality":13},{"NameSeed":51036,"FactionId":0,"Sector":0,"LocationId":0,"BuildingType":18,"Quality":6},{"NameSeed":26438,"FactionId":0,"Sector":0,"LocationId":0,"BuildingType":18,"Quality":19},{"NameSeed":19393,"FactionId":0,"Sector":0,"LocationId":0,"BuildingType":18,"Quality":1},{"NameSeed":7422,"FactionId":0,"Sector":0,"LocationId":0,"BuildingType":18,"Quality":20},{"NameSeed":20434,"FactionId":0,"Sector":0,"LocationId":0,"BuildingType":18,"Quality":7},{"NameSeed":47360,"FactionId":0,"Sector":0,"LocationId":0,"BuildingType":18,"Quality":20},{"NameSeed":40472,"FactionId":0,"Sector":0,"LocationId":0,"BuildingType":18,"Quality":17},{"NameSeed":42517,"FactionId":0,"Sector":0,"LocationId":0,"BuildingType":18,"Quality":20},{"NameSeed":12370,"FactionId":0,"Sector":0,"LocationId":0,"BuildingType":18,"Quality":19},{"NameSeed":37999,"FactionId":0,"Sector":0,"LocationId":0,"BuildingType":18,"Quality":7},{"NameSeed":28018,"FactionId":0,"Sector":0,"LocationId":0,"BuildingType":18,"Quality":10},{"NameSeed":30499,"FactionId":0,"Sector":0,"LocationId":0,"BuildingType":18,"Quality":14},{"NameSeed":31047,"FactionId":0,"Sector":0,"LocationId":0,"BuildingType":18,"Quality":4},{"NameSeed":21380,"FactionId":0,"Sector":0,"LocationId":0,"BuildingType":18,"Quality":10},{"NameSeed":23793,"FactionId":0,"Sector":0,"LocationId":0,"BuildingType":18,"Quality":11},{"NameSeed":20458,"FactionId":0,"Sector":0,"LocationId":0,"BuildingType":18,"Quality":4},{"NameSeed":42374,"FactionId":0,"Sector":0,"LocationId":0,"BuildingType":18,"Quality":18},{"NameSeed":62996,"FactionId":0,"Sector":0,"LocationId":0,"BuildingType":18,"Quality":17},{"NameSeed":64608,"FactionId":0,"Sector":0,"LocationId":0,"BuildingType":18,"Quality":15},{"NameSeed":63745,"FactionId":0,"Sector":0,"LocationId":0,"BuildingType":18,"Quality":11},{"NameSeed":2831,"FactionId":0,"Sector":0,"LocationId":0,"BuildingType":18,"Quality":4},{"NameSeed":37111,"FactionId":0,"Sector":0,"LocationId":0,"BuildingType":18,"Quality":2},{"NameSeed":38554,"FactionId":0,"Sector":0,"LocationId":0,"BuildingType":18,"Quality":9},{"NameSeed":26561,"FactionId":0,"Sector":0,"LocationId":0,"BuildingType":19,"Quality":15},{"NameSeed":856,"FactionId":0,"Sector":0,"LocationId":0,"BuildingType":19,"Quality":12},{"NameSeed":8266,"FactionId":0,"Sector":0,"LocationId":0,"BuildingType":18,"Quality":10},{"NameSeed":6151,"FactionId":0,"Sector":0,"LocationId":0,"BuildingType":21,"Quality":19},{"NameSeed":16339,"FactionId":0,"Sector":0,"LocationId":0,"BuildingType":21,"Quality":19},{"NameSeed":41051,"FactionId":0,"Sector":0,"LocationId":0,"BuildingType":21,"Quality":4},{"NameSeed":40845,"FactionId":0,"Sector":0,"LocationId":0,"BuildingType":21,"Quality":18},{"NameSeed":60640,"FactionId":0,"Sector":0,"LocationId":0,"BuildingType":17,"Quality":14},{"NameSeed":51846,"FactionId":0,"Sector":0,"LocationId":0,"BuildingType":18,"Quality":6},{"NameSeed":11771,"FactionId":0,"Sector":0,"LocationId":0,"BuildingType":19,"Quality":18},{"NameSeed":23259,"FactionId":0,"Sector":0,"LocationId":0,"BuildingType":18,"Quality":7},{"NameSeed":39075,"FactionId":0,"Sector":0,"LocationId":0,"BuildingType":18,"Quality":10},{"NameSeed":50581,"FactionId":0,"Sector":0,"LocationId":0,"BuildingType":18,"Quality":4},{"NameSeed":59374,"FactionId":0,"Sector":0,"LocationId":0,"BuildingType":15,"Quality":10},{"NameSeed":31656,"FactionId":0,"Sector":0,"LocationId":0,"BuildingType":18,"Quality":18},{"NameSeed":1229,"FactionId":0,"Sector":0,"LocationId":0,"BuildingType":18,"Quality":3},{"NameSeed":14240,"FactionId":0,"Sector":0,"LocationId":0,"BuildingType":18,"Quality":10},{"NameSeed":46554,"FactionId":0,"Sector":0,"LocationId":0,"BuildingType":18,"Quality":13},{"NameSeed":64800,"FactionId":0,"Sector":0,"LocationId":0,"BuildingType":18,"Quality":11},{"NameSeed":48981,"FactionId":0,"Sector":0,"LocationId":0,"BuildingType":19,"Quality":4},{"NameSeed":61981,"FactionId":0,"Sector":0,"LocationId":0,"BuildingType":18,"Quality":13},{"NameSeed":21953,"FactionId":0,"Sector":0,"LocationId":0,"BuildingType":18,"Quality":17},{"NameSeed":18569,"FactionId":0,"Sector":0,"LocationId":0,"BuildingType":18,"Quality":7},{"NameSeed":6561,"FactionId":0,"Sector":0,"LocationId":0,"BuildingType":18,"Quality":2},{"NameSeed":14124,"FactionId":0,"Sector":0,"LocationId":0,"BuildingType":18,"Quality":4},{"NameSeed":39873,"FactionId":0,"Sector":0,"LocationId":0,"BuildingType":18,"Quality":4},{"NameSeed":11568,"FactionId":0,"Sector":0,"LocationId":0,"BuildingType":18,"Quality":20},{"NameSeed":8770,"FactionId":0,"Sector":0,"LocationId":0,"BuildingType":18,"Quality":7},{"NameSeed":49127,"FactionId":0,"Sector":0,"LocationId":0,"BuildingType":18,"Quality":13},{"NameSeed":18515,"FactionId":0,"Sector":0,"LocationId":0,"BuildingType":18,"Quality":10},{"NameSeed":37961,"FactionId":0,"Sector":0,"LocationId":0,"BuildingType":18,"Quality":9},{"NameSeed":41351,"FactionId":0,"Sector":0,"LocationId":0,"BuildingType":18,"Quality":2},{"NameSeed":44968,"FactionId":0,"Sector":0,"LocationId":0,"BuildingType":19,"Quality":20},{"NameSeed":35224,"FactionId":0,"Sector":0,"LocationId":0,"BuildingType":19,"Quality":7},{"NameSeed":49363,"FactionId":0,"Sector":0,"LocationId":0,"BuildingType":18,"Quality":4},{"NameSeed":3764,"FactionId":0,"Sector":0,"LocationId":0,"BuildingType":21,"Quality":5},{"NameSeed":37655,"FactionId":0,"Sector":0,"LocationId":0,"BuildingType":21,"Quality":14},{"NameSeed":57776,"FactionId":0,"Sector":0,"LocationId":0,"BuildingType":21,"Quality":19},{"NameSeed":19793,"FactionId":0,"Sector":0,"LocationId":0,"BuildingType":21,"Quality":9},{"NameSeed":2224,"FactionId":0,"Sector":0,"LocationId":0,"BuildingType":18,"Quality":20},{"NameSeed":5633,"FactionId":0,"Sector":0,"LocationId":0,"BuildingType":15,"Quality":16},{"NameSeed":58794,"FactionId":0,"Sector":0,"LocationId":0,"BuildingType":19,"Quality":3},{"NameSeed":11359,"FactionId":0,"Sector":0,"LocationId":0,"BuildingType":18,"Quality":15},{"NameSeed":61444,"FactionId":0,"Sector":0,"LocationId":0,"BuildingType":18,"Quality":8},{"NameSeed":9021,"FactionId":0,"Sector":0,"LocationId":0,"BuildingType":18,"Quality":5},{"NameSeed":58770,"FactionId":0,"Sector":0,"LocationId":0,"BuildingType":18,"Quality":8},{"NameSeed":41851,"FactionId":0,"Sector":0,"LocationId":0,"BuildingType":19,"Quality":12},{"NameSeed":33082,"FactionId":0,"Sector":0,"LocationId":0,"BuildingType":18,"Quality":9},{"NameSeed":55341,"FactionId":0,"Sector":0,"LocationId":0,"BuildingType":18,"Quality":13},{"NameSeed":45344,"FactionId":0,"Sector":0,"LocationId":0,"BuildingType":18,"Quality":6},{"NameSeed":44771,"FactionId":0,"Sector":0,"LocationId":0,"BuildingType":18,"Quality":13},{"NameSeed":62961,"FactionId":0,"Sector":0,"LocationId":0,"BuildingType":18,"Quality":2},{"NameSeed":36203,"FactionId":0,"Sector":0,"LocationId":0,"BuildingType":18,"Quality":12},{"NameSeed":42892,"FactionId":0,"Sector":0,"LocationId":0,"BuildingType":18,"Quality":2},{"NameSeed":37777,"FactionId":0,"Sector":0,"LocationId":0,"BuildingType":18,"Quality":12},{"NameSeed":38584,"FactionId":0,"Sector":0,"LocationId":0,"BuildingType":18,"Quality":4},{"NameSeed":15620,"FactionId":0,"Sector":0,"LocationId":0,"BuildingType":18,"Quality":13},{"NameSeed":28359,"FactionId":0,"Sector":0,"LocationId":0,"BuildingType":18,"Quality":12},{"NameSeed":32708,"FactionId":0,"Sector":0,"LocationId":0,"BuildingType":18,"Quality":12},{"NameSeed":53967,"FactionId":0,"Sector":0,"LocationId":0,"BuildingType":18,"Quality":15},{"NameSeed":4313,"FactionId":0,"Sector":0,"LocationId":0,"BuildingType":18,"Quality":11},{"NameSeed":22562,"FactionId":0,"Sector":0,"LocationId":0,"BuildingType":18,"Quality":6},{"NameSeed":60342,"FactionId":0,"Sector":0,"LocationId":0,"BuildingType":18,"Quality":8},{"NameSeed":61205,"FactionId":0,"Sector":0,"LocationId":0,"BuildingType":18,"Quality":5},{"NameSeed":47091,"FactionId":0,"Sector":0,"LocationId":0,"BuildingType":19,"Quality":11},{"NameSeed":54174,"FactionId":0,"Sector":0,"LocationId":0,"BuildingType":19,"Quality":16},{"NameSeed":11961,"FactionId":0,"Sector":0,"LocationId":0,"BuildingType":18,"Quality":2},{"NameSeed":3738,"FactionId":0,"Sector":0,"LocationId":0,"BuildingType":21,"Quality":17},{"NameSeed":49832,"FactionId":0,"Sector":0,"LocationId":0,"BuildingType":21,"Quality":6},{"NameSeed":30801,"FactionId":0,"Sector":0,"LocationId":0,"BuildingType":21,"Quality":16},{"NameSeed":35198,"FactionId":0,"Sector":0,"LocationId":0,"BuildingType":21,"Quality":11},{"NameSeed":31124,"FactionId":0,"Sector":0,"LocationId":0,"BuildingType":18,"Quality":3},{"NameSeed":39978,"FactionId":0,"Sector":0,"LocationId":0,"BuildingType":18,"Quality":7},{"NameSeed":2001,"FactionId":0,"Sector":0,"LocationId":0,"BuildingType":18,"Quality":20},{"NameSeed":52349,"FactionId":0,"Sector":0,"LocationId":0,"BuildingType":18,"Quality":11},{"NameSeed":16667,"FactionId":0,"Sector":0,"LocationId":0,"BuildingType":18,"Quality":8},{"NameSeed":55529,"FactionId":0,"Sector":0,"LocationId":0,"BuildingType":18,"Quality":12},{"NameSeed":35848,"FactionId":0,"Sector":0,"LocationId":0,"BuildingType":18,"Quality":16},{"NameSeed":31719,"FactionId":0,"Sector":0,"LocationId":0,"BuildingType":18,"Quality":5},{"NameSeed":25419,"FactionId":0,"Sector":0,"LocationId":0,"BuildingType":18,"Quality":18},{"NameSeed":295,"FactionId":0,"Sector":0,"LocationId":0,"BuildingType":18,"Quality":15},{"NameSeed":26138,"FactionId":0,"Sector":0,"LocationId":0,"BuildingType":19,"Quality":17},{"NameSeed":33987,"FactionId":0,"Sector":0,"LocationId":0,"BuildingType":18,"Quality":8},{"NameSeed":54623,"FactionId":0,"Sector":0,"LocationId":0,"BuildingType":18,"Quality":20},{"NameSeed":10455,"FactionId":0,"Sector":0,"LocationId":0,"BuildingType":18,"Quality":9},{"NameSeed":10700,"FactionId":0,"Sector":0,"LocationId":0,"BuildingType":18,"Quality":12},{"NameSeed":4774,"FactionId":0,"Sector":0,"LocationId":0,"BuildingType":18,"Quality":20},{"NameSeed":25631,"FactionId":0,"Sector":0,"LocationId":0,"BuildingType":18,"Quality":17},{"NameSeed":55708,"FactionId":0,"Sector":0,"LocationId":0,"BuildingType":18,"Quality":16},{"NameSeed":17306,"FactionId":0,"Sector":0,"LocationId":0,"BuildingType":18,"Quality":15},{"NameSeed":57165,"FactionId":0,"Sector":0,"LocationId":0,"BuildingType":18,"Quality":5},{"NameSeed":62310,"FactionId":0,"Sector":0,"LocationId":0,"BuildingType":18,"Quality":15},{"NameSeed":59519,"FactionId":0,"Sector":0,"LocationId":0,"BuildingType":18,"Quality":11},{"NameSeed":35782,"FactionId":0,"Sector":0,"LocationId":0,"BuildingType":18,"Quality":16},{"NameSeed":37729,"FactionId":0,"Sector":0,"LocationId":0,"BuildingType":18,"Quality":20},{"NameSeed":57868,"FactionId":0,"Sector":0,"LocationId":0,"BuildingType":18,"Quality":19},{"NameSeed":18084,"FactionId":0,"Sector":0,"LocationId":0,"BuildingType":19,"Quality":16},{"NameSeed":5509,"FactionId":0,"Sector":0,"LocationId":0,"BuildingType":19,"Quality":2},{"NameSeed":2605,"FactionId":0,"Sector":0,"LocationId":0,"BuildingType":18,"Quality":13},{"NameSeed":10129,"FactionId":0,"Sector":0,"LocationId":0,"BuildingType":21,"Quality":5},{"NameSeed":59518,"FactionId":0,"Sector":0,"LocationId":0,"BuildingType":21,"Quality":8},{"NameSeed":42625,"FactionId":0,"Sector":0,"LocationId":0,"BuildingType":21,"Quality":12},{"NameSeed":25859,"FactionId":0,"Sector":0,"LocationId":0,"BuildingType":21,"Quality":13},{"NameSeed":26990,"FactionId":0,"Sector":0,"LocationId":0,"BuildingType":21,"Quality":13},{"NameSeed":51931,"FactionId":0,"Sector":0,"LocationId":0,"BuildingType":21,"Quality":19},{"NameSeed":46923,"FactionId":0,"Sector":0,"LocationId":0,"BuildingType":21,"Quality":5},{"NameSeed":2555,"FactionId":0,"Sector":0,"LocationId":0,"BuildingType":21,"Quality":8},{"NameSeed":33760,"FactionId":0,"Sector":0,"LocationId":0,"BuildingType":21,"Quality":15},{"NameSeed":48277,"FactionId":0,"Sector":0,"LocationId":0,"BuildingType":21,"Quality":6},{"NameSeed":18430,"FactionId":0,"Sector":0,"LocationId":0,"BuildingType":18,"Quality":11},{"NameSeed":61671,"FactionId":0,"Sector":0,"LocationId":0,"BuildingType":18,"Quality":13},{"NameSeed":31482,"FactionId":0,"Sector":0,"LocationId":0,"BuildingType":18,"Quality":11},{"NameSeed":62632,"FactionId":0,"Sector":0,"LocationId":0,"BuildingType":18,"Quality":8},{"NameSeed":28018,"FactionId":0,"Sector":0,"LocationId":0,"BuildingType":18,"Quality":7},{"NameSeed":34774,"FactionId":0,"Sector":0,"LocationId":0,"BuildingType":18,"Quality":4},{"NameSeed":50809,"FactionId":0,"Sector":0,"LocationId":0,"BuildingType":18,"Quality":1},{"NameSeed":27374,"FactionId":0,"Sector":0,"LocationId":0,"BuildingType":18,"Quality":9},{"NameSeed":25133,"FactionId":236,"Sector":0,"LocationId":0,"BuildingType":2,"Quality":4},{"NameSeed":18525,"FactionId":0,"Sector":0,"LocationId":0,"BuildingType":18,"Quality":20},{"NameSeed":8357,"FactionId":0,"Sector":0,"LocationId":0,"BuildingType":18,"Quality":2},{"NameSeed":24739,"FactionId":0,"Sector":0,"LocationId":0,"BuildingType":18,"Quality":16},{"NameSeed":41512,"FactionId":0,"Sector":0,"LocationId":0,"BuildingType":18,"Quality":5},{"NameSeed":9708,"FactionId":510,"Sector":0,"LocationId":0,"BuildingType":6,"Quality":1},{"NameSeed":48215,"FactionId":0,"Sector":0,"LocationId":0,"BuildingType":18,"Quality":2},{"NameSeed":70,"FactionId":0,"Sector":0,"LocationId":0,"BuildingType":19,"Quality":3},{"NameSeed":28199,"FactionId":0,"Sector":0,"LocationId":0,"BuildingType":19,"Quality":11},{"NameSeed":60262,"FactionId":0,"Sector":0,"LocationId":0,"BuildingType":18,"Quality":2},{"NameSeed":16692,"FactionId":0,"Sector":0,"LocationId":0,"BuildingType":18,"Quality":14},{"NameSeed":23291,"FactionId":0,"Sector":0,"LocationId":0,"BuildingType":18,"Quality":10},{"NameSeed":15275,"FactionId":0,"Sector":0,"LocationId":0,"BuildingType":18,"Quality":1},{"NameSeed":62112,"FactionId":0,"Sector":0,"LocationId":0,"BuildingType":18,"Quality":14},{"NameSeed":59519,"FactionId":0,"Sector":0,"LocationId":0,"BuildingType":18,"Quality":3},{"NameSeed":2313,"FactionId":0,"Sector":0,"LocationId":0,"BuildingType":18,"Quality":14},{"NameSeed":42773,"FactionId":0,"Sector":0,"LocationId":0,"BuildingType":18,"Quality":6},{"NameSeed":51361,"FactionId":0,"Sector":0,"LocationId":0,"BuildingType":0,"Quality":14},{"NameSeed":57706,"FactionId":0,"Sector":0,"LocationId":0,"BuildingType":18,"Quality":13},{"NameSeed":64703,"FactionId":0,"Sector":0,"LocationId":0,"BuildingType":18,"Quality":18},{"NameSeed":22209,"FactionId":0,"Sector":0,"LocationId":0,"BuildingType":19,"Quality":12},{"NameSeed":15664,"FactionId":0,"Sector":0,"LocationId":0,"BuildingType":18,"Quality":17},{"NameSeed":7185,"FactionId":0,"Sector":0,"LocationId":0,"BuildingType":18,"Quality":11},{"NameSeed":48770,"FactionId":0,"Sector":0,"LocationId":0,"BuildingType":19,"Quality":16},{"NameSeed":59928,"FactionId":0,"Sector":0,"LocationId":0,"BuildingType":18,"Quality":15},{"NameSeed":56102,"FactionId":0,"Sector":0,"LocationId":0,"BuildingType":18,"Quality":15},{"NameSeed":20927,"FactionId":0,"Sector":0,"LocationId":0,"BuildingType":18,"Quality":17},{"NameSeed":55025,"FactionId":0,"Sector":0,"LocationId":0,"BuildingType":19,"Quality":17},{"NameSeed":21390,"FactionId":0,"Sector":0,"LocationId":0,"BuildingType":18,"Quality":10},{"NameSeed":48983,"FactionId":0,"Sector":0,"LocationId":0,"BuildingType":19,"Quality":18},{"NameSeed":15783,"FactionId":0,"Sector":0,"LocationId":0,"BuildingType":19,"Quality":20},{"NameSeed":11529,"FactionId":0,"Sector":0,"LocationId":0,"BuildingType":18,"Quality":13},{"NameSeed":43327,"FactionId":0,"Sector":0,"LocationId":0,"BuildingType":19,"Quality":4},{"NameSeed":11562,"FactionId":0,"Sector":0,"LocationId":0,"BuildingType":18,"Quality":6},{"NameSeed":32296,"FactionId":0,"Sector":0,"LocationId":0,"BuildingType":18,"Quality":14},{"NameSeed":16700,"FactionId":0,"Sector":0,"LocationId":0,"BuildingType":18,"Quality":17},{"NameSeed":58819,"FactionId":0,"Sector":0,"LocationId":0,"BuildingType":18,"Quality":20},{"NameSeed":13890,"FactionId":0,"Sector":0,"LocationId":0,"BuildingType":18,"Quality":10},{"NameSeed":3586,"FactionId":0,"Sector":0,"LocationId":0,"BuildingType":18,"Quality":17},{"NameSeed":46746,"FactionId":0,"Sector":0,"LocationId":0,"BuildingType":18,"Quality":6},{"NameSeed":57237,"FactionId":0,"Sector":0,"LocationId":0,"BuildingType":18,"Quality":10},{"NameSeed":4749,"FactionId":0,"Sector":0,"LocationId":0,"BuildingType":18,"Quality":13},{"NameSeed":50816,"FactionId":0,"Sector":0,"LocationId":0,"BuildingType":18,"Quality":7},{"NameSeed":58451,"FactionId":0,"Sector":0,"LocationId":0,"BuildingType":19,"Quality":2},{"NameSeed":35373,"FactionId":0,"Sector":0,"LocationId":0,"BuildingType":19,"Quality":20},{"NameSeed":32848,"FactionId":0,"Sector":0,"LocationId":0,"BuildingType":18,"Quality":8},{"NameSeed":52696,"FactionId":0,"Sector":0,"LocationId":0,"BuildingType":21,"Quality":12},{"NameSeed":60392,"FactionId":0,"Sector":0,"LocationId":0,"BuildingType":21,"Quality":2},{"NameSeed":59894,"FactionId":0,"Sector":0,"LocationId":0,"BuildingType":21,"Quality":1},{"NameSeed":32348,"FactionId":0,"Sector":0,"LocationId":0,"BuildingType":21,"Quality":13},{"NameSeed":48391,"FactionId":0,"Sector":0,"LocationId":0,"BuildingType":18,"Quality":7},{"NameSeed":37421,"FactionId":0,"Sector":0,"LocationId":0,"BuildingType":15,"Quality":8},{"NameSeed":28782,"FactionId":0,"Sector":0,"LocationId":0,"BuildingType":19,"Quality":1},{"NameSeed":25331,"FactionId":0,"Sector":0,"LocationId":0,"BuildingType":18,"Quality":8},{"NameSeed":24507,"FactionId":0,"Sector":0,"LocationId":0,"BuildingType":18,"Quality":11},{"NameSeed":14309,"FactionId":0,"Sector":0,"LocationId":0,"BuildingType":18,"Quality":6},{"NameSeed":3666,"FactionId":0,"Sector":0,"LocationId":0,"BuildingType":18,"Quality":2},{"NameSeed":1070,"FactionId":0,"Sector":0,"LocationId":0,"BuildingType":19,"Quality":11},{"NameSeed":27767,"FactionId":0,"Sector":0,"LocationId":0,"BuildingType":18,"Quality":7},{"NameSeed":19012,"FactionId":0,"Sector":0,"LocationId":0,"BuildingType":18,"Quality":8},{"NameSeed":4954,"FactionId":0,"Sector":0,"LocationId":0,"BuildingType":18,"Quality":11},{"NameSeed":63389,"FactionId":0,"Sector":0,"LocationId":0,"BuildingType":18,"Quality":8},{"NameSeed":4784,"FactionId":0,"Sector":0,"LocationId":0,"BuildingType":18,"Quality":20},{"NameSeed":2324,"FactionId":0,"Sector":0,"LocationId":0,"BuildingType":18,"Quality":9},{"NameSeed":23939,"FactionId":0,"Sector":0,"LocationId":0,"BuildingType":18,"Quality":8},{"NameSeed":890,"FactionId":0,"Sector":0,"LocationId":0,"BuildingType":18,"Quality":6},{"NameSeed":54557,"FactionId":0,"Sector":0,"LocationId":0,"BuildingType":18,"Quality":4},{"NameSeed":32508,"FactionId":0,"Sector":0,"LocationId":0,"BuildingType":18,"Quality":18},{"NameSeed":25320,"FactionId":0,"Sector":0,"LocationId":0,"BuildingType":18,"Quality":16},{"NameSeed":53487,"FactionId":0,"Sector":0,"LocationId":0,"BuildingType":18,"Quality":8},{"NameSeed":61084,"FactionId":0,"Sector":0,"LocationId":0,"BuildingType":18,"Quality":5},{"NameSeed":32822,"FactionId":0,"Sector":0,"LocationId":0,"BuildingType":18,"Quality":16},{"NameSeed":22635,"FactionId":0,"Sector":0,"LocationId":0,"BuildingType":18,"Quality":17},{"NameSeed":53335,"FactionId":0,"Sector":0,"LocationId":0,"BuildingType":18,"Quality":20},{"NameSeed":57937,"FactionId":0,"Sector":0,"LocationId":0,"BuildingType":18,"Quality":2},{"NameSeed":21835,"FactionId":0,"Sector":0,"LocationId":0,"BuildingType":19,"Quality":14},{"NameSeed":45331,"FactionId":0,"Sector":0,"LocationId":0,"BuildingType":19,"Quality":16},{"NameSeed":48340,"FactionId":0,"Sector":0,"LocationId":0,"BuildingType":18,"Quality":8},{"NameSeed":14770,"FactionId":0,"Sector":0,"LocationId":0,"BuildingType":21,"Quality":4},{"NameSeed":23635,"FactionId":0,"Sector":0,"LocationId":0,"BuildingType":21,"Quality":14},{"NameSeed":38614,"FactionId":0,"Sector":0,"LocationId":0,"BuildingType":21,"Quality":19},{"NameSeed":30174,"FactionId":0,"Sector":0,"LocationId":0,"BuildingType":21,"Quality":5},{"NameSeed":10644,"FactionId":0,"Sector":0,"LocationId":0,"BuildingType":18,"Quality":2},{"NameSeed":4976,"FactionId":0,"Sector":0,"LocationId":0,"BuildingType":15,"Quality":11},{"NameSeed":10520,"FactionId":0,"Sector":0,"LocationId":0,"BuildingType":19,"Quality":12},{"NameSeed":25424,"FactionId":0,"Sector":0,"LocationId":0,"BuildingType":18,"Quality":6},{"NameSeed":21458,"FactionId":0,"Sector":0,"LocationId":0,"BuildingType":18,"Quality":4},{"NameSeed":9609,"FactionId":0,"Sector":0,"LocationId":0,"BuildingType":18,"Quality":10},{"NameSeed":25455,"FactionId":0,"Sector":0,"LocationId":0,"BuildingType":18,"Quality":19},{"NameSeed":29765,"FactionId":0,"Sector":0,"LocationId":0,"BuildingType":19,"Quality":11},{"NameSeed":13945,"FactionId":0,"Sector":0,"LocationId":0,"BuildingType":18,"Quality":16},{"NameSeed":6814,"FactionId":0,"Sector":0,"LocationId":0,"BuildingType":18,"Quality":15},{"NameSeed":54705,"FactionId":0,"Sector":0,"LocationId":0,"BuildingType":18,"Quality":6},{"NameSeed":38205,"FactionId":0,"Sector":0,"LocationId":0,"BuildingType":18,"Quality":17},{"NameSeed":8842,"FactionId":0,"Sector":0,"LocationId":0,"BuildingType":18,"Quality":20},{"NameSeed":11470,"FactionId":0,"Sector":0,"LocationId":0,"BuildingType":18,"Quality":15},{"NameSeed":30506,"FactionId":0,"Sector":0,"LocationId":0,"BuildingType":18,"Quality":3},{"NameSeed":6299,"FactionId":0,"Sector":0,"LocationId":0,"BuildingType":18,"Quality":1},{"NameSeed":25430,"FactionId":0,"Sector":0,"LocationId":0,"BuildingType":18,"Quality":6},{"NameSeed":36686,"FactionId":0,"Sector":0,"LocationId":0,"BuildingType":18,"Quality":13},{"NameSeed":13486,"FactionId":0,"Sector":0,"LocationId":0,"BuildingType":18,"Quality":16},{"NameSeed":41779,"FactionId":0,"Sector":0,"LocationId":0,"BuildingType":18,"Quality":19},{"NameSeed":223,"FactionId":0,"Sector":0,"LocationId":0,"BuildingType":18,"Quality":17},{"NameSeed":7504,"FactionId":0,"Sector":0,"LocationId":0,"BuildingType":18,"Quality":20},{"NameSeed":5672,"FactionId":0,"Sector":0,"LocationId":0,"BuildingType":18,"Quality":20},{"NameSeed":21521,"FactionId":0,"Sector":0,"LocationId":0,"BuildingType":18,"Quality":3},{"NameSeed":22847,"FactionId":0,"Sector":0,"LocationId":0,"BuildingType":18,"Quality":17},{"NameSeed":64574,"FactionId":0,"Sector":0,"LocationId":0,"BuildingType":19,"Quality":3},{"NameSeed":10578,"FactionId":0,"Sector":0,"LocationId":0,"BuildingType":19,"Quality":18},{"NameSeed":64479,"FactionId":0,"Sector":0,"LocationId":0,"BuildingType":18,"Quality":17},{"NameSeed":33543,"FactionId":0,"Sector":0,"LocationId":0,"BuildingType":21,"Quality":12},{"NameSeed":25511,"FactionId":0,"Sector":0,"LocationId":0,"BuildingType":21,"Quality":2},{"NameSeed":33233,"FactionId":0,"Sector":0,"LocationId":0,"BuildingType":21,"Quality":1},{"NameSeed":39875,"FactionId":0,"Sector":0,"LocationId":0,"BuildingType":21,"Quality":8},{"NameSeed":3522,"FactionId":0,"Sector":0,"LocationId":0,"BuildingType":18,"Quality":10},{"NameSeed":56073,"FactionId":0,"Sector":0,"LocationId":0,"BuildingType":15,"Quality":8},{"NameSeed":35608,"FactionId":0,"Sector":0,"LocationId":0,"BuildingType":19,"Quality":20},{"NameSeed":40755,"FactionId":0,"Sector":0,"LocationId":0,"BuildingType":18,"Quality":9},{"NameSeed":13819,"FactionId":0,"Sector":0,"LocationId":0,"BuildingType":18,"Quality":11},{"NameSeed":2180,"FactionId":0,"Sector":0,"LocationId":0,"BuildingType":18,"Quality":10},{"NameSeed":5030,"FactionId":0,"Sector":0,"LocationId":0,"BuildingType":18,"Quality":7},{"NameSeed":19780,"FactionId":0,"Sector":0,"LocationId":0,"BuildingType":19,"Quality":10},{"NameSeed":3857,"FactionId":0,"Sector":0,"LocationId":0,"BuildingType":18,"Quality":10},{"NameSeed":19849,"FactionId":0,"Sector":0,"LocationId":0,"BuildingType":18,"Quality":10},{"NameSeed":37164,"FactionId":0,"Sector":0,"LocationId":0,"BuildingType":18,"Quality":6},{"NameSeed":22654,"FactionId":0,"Sector":0,"LocationId":0,"BuildingType":18,"Quality":15},{"NameSeed":32977,"FactionId":0,"Sector":0,"LocationId":0,"BuildingType":18,"Quality":5},{"NameSeed":33504,"FactionId":0,"Sector":0,"LocationId":0,"BuildingType":18,"Quality":17},{"NameSeed":24041,"FactionId":0,"Sector":0,"LocationId":0,"BuildingType":18,"Quality":5},{"NameSeed":26111,"FactionId":0,"Sector":0,"LocationId":0,"BuildingType":18,"Quality":4},{"NameSeed":58740,"FactionId":0,"Sector":0,"LocationId":0,"BuildingType":18,"Quality":3},{"NameSeed":41626,"FactionId":0,"Sector":0,"LocationId":0,"BuildingType":18,"Quality":10},{"NameSeed":63739,"FactionId":0,"Sector":0,"LocationId":0,"BuildingType":18,"Quality":8},{"NameSeed":27449,"FactionId":0,"Sector":0,"LocationId":0,"BuildingType":18,"Quality":8},{"NameSeed":38985,"FactionId":0,"Sector":0,"LocationId":0,"BuildingType":18,"Quality":16},{"NameSeed":6944,"FactionId":0,"Sector":0,"LocationId":0,"BuildingType":18,"Quality":10},{"NameSeed":36927,"FactionId":0,"Sector":0,"LocationId":0,"BuildingType":18,"Quality":18},{"NameSeed":38221,"FactionId":0,"Sector":0,"LocationId":0,"BuildingType":18,"Quality":16},{"NameSeed":61414,"FactionId":0,"Sector":0,"LocationId":0,"BuildingType":18,"Quality":10},{"NameSeed":44865,"FactionId":0,"Sector":0,"LocationId":0,"BuildingType":19,"Quality":18},{"NameSeed":30705,"FactionId":0,"Sector":0,"LocationId":0,"BuildingType":19,"Quality":7},{"NameSeed":62597,"FactionId":0,"Sector":0,"LocationId":0,"BuildingType":18,"Quality":8},{"NameSeed":37735,"FactionId":0,"Sector":0,"LocationId":0,"BuildingType":21,"Quality":6},{"NameSeed":5737,"FactionId":0,"Sector":0,"LocationId":0,"BuildingType":21,"Quality":13},{"NameSeed":44721,"FactionId":0,"Sector":0,"LocationId":0,"BuildingType":21,"Quality":15},{"NameSeed":18621,"FactionId":0,"Sector":0,"LocationId":0,"BuildingType":21,"Quality":4},{"NameSeed":47650,"FactionId":0,"Sector":0,"LocationId":0,"BuildingType":18,"Quality":10},{"NameSeed":30358,"FactionId":0,"Sector":0,"LocationId":0,"BuildingType":15,"Quality":16},{"NameSeed":53983,"FactionId":0,"Sector":0,"LocationId":0,"BuildingType":19,"Quality":17},{"NameSeed":14702,"FactionId":0,"Sector":0,"LocationId":0,"BuildingType":18,"Quality":3},{"NameSeed":52831,"FactionId":0,"Sector":0,"LocationId":0,"BuildingType":18,"Quality":10},{"NameSeed":33279,"FactionId":0,"Sector":0,"LocationId":0,"BuildingType":18,"Quality":19},{"NameSeed":17644,"FactionId":0,"Sector":0,"LocationId":0,"BuildingType":18,"Quality":5},{"NameSeed":5109,"FactionId":0,"Sector":0,"LocationId":0,"BuildingType":19,"Quality":7},{"NameSeed":34876,"FactionId":0,"Sector":0,"LocationId":0,"BuildingType":18,"Quality":16},{"NameSeed":31589,"FactionId":0,"Sector":0,"LocationId":0,"BuildingType":18,"Quality":13},{"NameSeed":42983,"FactionId":0,"Sector":0,"LocationId":0,"BuildingType":18,"Quality":14},{"NameSeed":14817,"FactionId":0,"Sector":0,"LocationId":0,"BuildingType":18,"Quality":19},{"NameSeed":30950,"FactionId":0,"Sector":0,"LocationId":0,"BuildingType":18,"Quality":14},{"NameSeed":56067,"FactionId":0,"Sector":0,"LocationId":0,"BuildingType":18,"Quality":15},{"NameSeed":43032,"FactionId":0,"Sector":0,"LocationId":0,"BuildingType":18,"Quality":10},{"NameSeed":20213,"FactionId":0,"Sector":0,"LocationId":0,"BuildingType":18,"Quality":8},{"NameSeed":52828,"FactionId":0,"Sector":0,"LocationId":0,"BuildingType":18,"Quality":15},{"NameSeed":29784,"FactionId":0,"Sector":0,"LocationId":0,"BuildingType":18,"Quality":13},{"NameSeed":56242,"FactionId":0,"Sector":0,"LocationId":0,"BuildingType":18,"Quality":14},{"NameSeed":65179,"FactionId":0,"Sector":0,"LocationId":0,"BuildingType":18,"Quality":11},{"NameSeed":49808,"FactionId":0,"Sector":0,"LocationId":0,"BuildingType":18,"Quality":16},{"NameSeed":21391,"FactionId":0,"Sector":0,"LocationId":0,"BuildingType":18,"Quality":11},{"NameSeed":38278,"FactionId":0,"Sector":0,"LocationId":0,"BuildingType":18,"Quality":6},{"NameSeed":49264,"FactionId":0,"Sector":0,"LocationId":0,"BuildingType":18,"Quality":18},{"NameSeed":8913,"FactionId":0,"Sector":0,"LocationId":0,"BuildingType":18,"Quality":7},{"NameSeed":20781,"FactionId":0,"Sector":0,"LocationId":0,"BuildingType":19,"Quality":15},{"NameSeed":64340,"FactionId":0,"Sector":0,"LocationId":0,"BuildingType":19,"Quality":8},{"NameSeed":62282,"FactionId":0,"Sector":0,"LocationId":0,"BuildingType":18,"Quality":9},{"NameSeed":64900,"FactionId":0,"Sector":0,"LocationId":0,"BuildingType":21,"Quality":20},{"NameSeed":37530,"FactionId":0,"Sector":0,"LocationId":0,"BuildingType":21,"Quality":2},{"NameSeed":61809,"FactionId":0,"Sector":0,"LocationId":0,"BuildingType":21,"Quality":20},{"NameSeed":40524,"FactionId":0,"Sector":0,"LocationId":0,"BuildingType":21,"Quality":12},{"NameSeed":5297,"FactionId":0,"Sector":0,"LocationId":0,"BuildingType":18,"Quality":6},{"NameSeed":57573,"FactionId":0,"Sector":0,"LocationId":0,"BuildingType":18,"Quality":11},{"NameSeed":47449,"FactionId":0,"Sector":0,"LocationId":0,"BuildingType":18,"Quality":12},{"NameSeed":29118,"FactionId":0,"Sector":0,"LocationId":0,"BuildingType":18,"Quality":20},{"NameSeed":11577,"FactionId":0,"Sector":0,"LocationId":0,"BuildingType":18,"Quality":12},{"NameSeed":45751,"FactionId":0,"Sector":0,"LocationId":0,"BuildingType":18,"Quality":10},{"NameSeed":54262,"FactionId":0,"Sector":0,"LocationId":0,"BuildingType":18,"Quality":8},{"NameSeed":10775,"FactionId":0,"Sector":0,"LocationId":0,"BuildingType":18,"Quality":11},{"NameSeed":57336,"FactionId":0,"Sector":0,"LocationId":0,"BuildingType":18,"Quality":10},{"NameSeed":7969,"FactionId":0,"Sector":0,"LocationId":0,"BuildingType":18,"Quality":1},{"NameSeed":31430,"FactionId":0,"Sector":0,"LocationId":0,"BuildingType":18,"Quality":17},{"NameSeed":27618,"FactionId":0,"Sector":0,"LocationId":0,"BuildingType":18,"Quality":19},{"NameSeed":27025,"FactionId":0,"Sector":0,"LocationId":0,"BuildingType":18,"Quality":10},{"NameSeed":27682,"FactionId":0,"Sector":0,"LocationId":0,"BuildingType":18,"Quality":1},{"NameSeed":30508,"FactionId":0,"Sector":0,"LocationId":0,"BuildingType":18,"Quality":8},{"NameSeed":6433,"FactionId":0,"Sector":0,"LocationId":0,"BuildingType":18,"Quality":19},{"NameSeed":25494,"FactionId":0,"Sector":0,"LocationId":0,"BuildingType":18,"Quality":14},{"NameSeed":25399,"FactionId":0,"Sector":0,"LocationId":0,"BuildingType":18,"Quality":2},{"NameSeed":62462,"FactionId":0,"Sector":0,"LocationId":0,"BuildingType":18,"Quality":12},{"NameSeed":53037,"FactionId":0,"Sector":0,"LocationId":0,"BuildingType":18,"Quality":6},{"NameSeed":48839,"FactionId":0,"Sector":0,"LocationId":0,"BuildingType":18,"Quality":19},{"NameSeed":61826,"FactionId":0,"Sector":0,"LocationId":0,"BuildingType":18,"Quality":8},{"NameSeed":12878,"FactionId":0,"Sector":0,"LocationId":0,"BuildingType":18,"Quality":18},{"NameSeed":25617,"FactionId":0,"Sector":0,"LocationId":0,"BuildingType":18,"Quality":8},{"NameSeed":13654,"FactionId":0,"Sector":0,"LocationId":0,"BuildingType":18,"Quality":8},{"NameSeed":35786,"FactionId":0,"Sector":0,"LocationId":0,"BuildingType":19,"Quality":5},{"NameSeed":41390,"FactionId":0,"Sector":0,"LocationId":0,"BuildingType":19,"Quality":20},{"NameSeed":26619,"FactionId":0,"Sector":0,"LocationId":0,"BuildingType":18,"Quality":11},{"NameSeed":23848,"FactionId":0,"Sector":0,"LocationId":0,"BuildingType":21,"Quality":17},{"NameSeed":37682,"FactionId":0,"Sector":0,"LocationId":0,"BuildingType":21,"Quality":10},{"NameSeed":47304,"FactionId":0,"Sector":0,"LocationId":0,"BuildingType":21,"Quality":7},{"NameSeed":29093,"FactionId":0,"Sector":0,"LocationId":0,"BuildingType":21,"Quality":18},{"NameSeed":26262,"FactionId":0,"Sector":0,"LocationId":0,"BuildingType":18,"Quality":15},{"NameSeed":31342,"FactionId":0,"Sector":0,"LocationId":0,"BuildingType":18,"Quality":5},{"NameSeed":38909,"FactionId":0,"Sector":0,"LocationId":0,"BuildingType":19,"Quality":13},{"NameSeed":28268,"FactionId":0,"Sector":0,"LocationId":0,"BuildingType":18,"Quality":16},{"NameSeed":63834,"FactionId":0,"Sector":0,"LocationId":0,"BuildingType":18,"Quality":18},{"NameSeed":62146,"FactionId":0,"Sector":0,"LocationId":0,"BuildingType":19,"Quality":6},{"NameSeed":55185,"FactionId":0,"Sector":0,"LocationId":0,"BuildingType":18,"Quality":15},{"NameSeed":20030,"FactionId":0,"Sector":0,"LocationId":0,"BuildingType":18,"Quality":4},{"NameSeed":19144,"FactionId":0,"Sector":0,"LocationId":0,"BuildingType":18,"Quality":16},{"NameSeed":45716,"FactionId":0,"Sector":0,"LocationId":0,"BuildingType":19,"Quality":5},{"NameSeed":3888,"FactionId":0,"Sector":0,"LocationId":0,"BuildingType":18,"Quality":11},{"NameSeed":17605,"FactionId":0,"Sector":0,"LocationId":0,"BuildingType":19,"Quality":3},{"NameSeed":62201,"FactionId":0,"Sector":0,"LocationId":0,"BuildingType":19,"Quality":8},{"NameSeed":23267,"FactionId":0,"Sector":0,"LocationId":0,"BuildingType":18,"Quality":3},{"NameSeed":42096,"FactionId":0,"Sector":0,"LocationId":0,"BuildingType":19,"Quality":18},{"NameSeed":36983,"FactionId":0,"Sector":0,"LocationId":0,"BuildingType":18,"Quality":11},{"NameSeed":28411,"FactionId":0,"Sector":0,"LocationId":0,"BuildingType":18,"Quality":5},{"NameSeed":1931,"FactionId":0,"Sector":0,"LocationId":0,"BuildingType":18,"Quality":4},{"NameSeed":37492,"FactionId":0,"Sector":0,"LocationId":0,"BuildingType":18,"Quality":10},{"NameSeed":48654,"FactionId":0,"Sector":0,"LocationId":0,"BuildingType":18,"Quality":14},{"NameSeed":21607,"FactionId":0,"Sector":0,"LocationId":0,"BuildingType":18,"Quality":3},{"NameSeed":58774,"FactionId":0,"Sector":0,"LocationId":0,"BuildingType":18,"Quality":1},{"NameSeed":40755,"FactionId":0,"Sector":0,"LocationId":0,"BuildingType":18,"Quality":5},{"NameSeed":16833,"FactionId":0,"Sector":0,"LocationId":0,"BuildingType":18,"Quality":4},{"NameSeed":15961,"FactionId":0,"Sector":0,"LocationId":0,"BuildingType":18,"Quality":19},{"NameSeed":9698,"FactionId":0,"Sector":0,"LocationId":0,"BuildingType":19,"Quality":2},{"NameSeed":44472,"FactionId":0,"Sector":0,"LocationId":0,"BuildingType":19,"Quality":12},{"NameSeed":28994,"FactionId":0,"Sector":0,"LocationId":0,"BuildingType":18,"Quality":8},{"NameSeed":31381,"FactionId":0,"Sector":0,"LocationId":0,"BuildingType":21,"Quality":19},{"NameSeed":2048,"FactionId":0,"Sector":0,"LocationId":0,"BuildingType":21,"Quality":4},{"NameSeed":57247,"FactionId":0,"Sector":0,"LocationId":0,"BuildingType":21,"Quality":12},{"NameSeed":64481,"FactionId":0,"Sector":0,"LocationId":0,"BuildingType":21,"Quality":2},{"NameSeed":60093,"FactionId":0,"Sector":0,"LocationId":0,"BuildingType":18,"Quality":10},{"NameSeed":18040,"FactionId":0,"Sector":0,"LocationId":0,"BuildingType":18,"Quality":3},{"NameSeed":11116,"FactionId":0,"Sector":0,"LocationId":0,"BuildingType":18,"Quality":20},{"NameSeed":12371,"FactionId":0,"Sector":0,"LocationId":0,"BuildingType":18,"Quality":19},{"NameSeed":27196,"FactionId":0,"Sector":0,"LocationId":0,"BuildingType":18,"Quality":20},{"NameSeed":56377,"FactionId":0,"Sector":0,"LocationId":0,"BuildingType":18,"Quality":4},{"NameSeed":26112,"FactionId":0,"Sector":0,"LocationId":0,"BuildingType":18,"Quality":17},{"NameSeed":51791,"FactionId":0,"Sector":0,"LocationId":0,"BuildingType":18,"Quality":8},{"NameSeed":58696,"FactionId":0,"Sector":0,"LocationId":0,"BuildingType":18,"Quality":13},{"NameSeed":11355,"FactionId":0,"Sector":0,"LocationId":0,"BuildingType":18,"Quality":3},{"NameSeed":21004,"FactionId":0,"Sector":0,"LocationId":0,"BuildingType":19,"Quality":17},{"NameSeed":38835,"FactionId":0,"Sector":0,"LocationId":0,"BuildingType":18,"Quality":15},{"NameSeed":45140,"FactionId":0,"Sector":0,"LocationId":0,"BuildingType":18,"Quality":20},{"NameSeed":33912,"FactionId":0,"Sector":0,"LocationId":0,"BuildingType":18,"Quality":11},{"NameSeed":2252,"FactionId":0,"Sector":0,"LocationId":0,"BuildingType":18,"Quality":6},{"NameSeed":19715,"FactionId":0,"Sector":0,"LocationId":0,"BuildingType":18,"Quality":7},{"NameSeed":52873,"FactionId":0,"Sector":0,"LocationId":0,"BuildingType":18,"Quality":11},{"NameSeed":22465,"FactionId":0,"Sector":0,"LocationId":0,"BuildingType":18,"Quality":1},{"NameSeed":17369,"FactionId":0,"Sector":0,"LocationId":0,"BuildingType":18,"Quality":14},{"NameSeed":10784,"FactionId":0,"Sector":0,"LocationId":0,"BuildingType":18,"Quality":17},{"NameSeed":34042,"FactionId":0,"Sector":0,"LocationId":0,"BuildingType":18,"Quality":10},{"NameSeed":31965,"FactionId":0,"Sector":0,"LocationId":0,"BuildingType":18,"Quality":8},{"NameSeed":26102,"FactionId":0,"Sector":0,"LocationId":0,"BuildingType":18,"Quality":16},{"NameSeed":30976,"FactionId":0,"Sector":0,"LocationId":0,"BuildingType":18,"Quality":4},{"NameSeed":41562,"FactionId":0,"Sector":0,"LocationId":0,"BuildingType":18,"Quality":3},{"NameSeed":40674,"FactionId":0,"Sector":0,"LocationId":0,"BuildingType":19,"Quality":11},{"NameSeed":29292,"FactionId":0,"Sector":0,"LocationId":0,"BuildingType":19,"Quality":4},{"NameSeed":3649,"FactionId":0,"Sector":0,"LocationId":0,"BuildingType":18,"Quality":7},{"NameSeed":13684,"FactionId":0,"Sector":0,"LocationId":0,"BuildingType":21,"Quality":7},{"NameSeed":46205,"FactionId":0,"Sector":0,"LocationId":0,"BuildingType":21,"Quality":14},{"NameSeed":45740,"FactionId":0,"Sector":0,"LocationId":0,"BuildingType":21,"Quality":14},{"NameSeed":28457,"FactionId":0,"Sector":0,"LocationId":0,"BuildingType":21,"Quality":16},{"NameSeed":18064,"FactionId":0,"Sector":0,"LocationId":0,"BuildingType":18,"Quality":11},{"NameSeed":35550,"FactionId":0,"Sector":0,"LocationId":0,"BuildingType":15,"Quality":5},{"NameSeed":46421,"FactionId":0,"Sector":0,"LocationId":0,"BuildingType":19,"Quality":6},{"NameSeed":35005,"FactionId":0,"Sector":0,"LocationId":0,"BuildingType":18,"Quality":18},{"NameSeed":20389,"FactionId":0,"Sector":0,"LocationId":0,"BuildingType":18,"Quality":4},{"NameSeed":44751,"FactionId":0,"Sector":0,"LocationId":0,"BuildingType":18,"Quality":6},{"NameSeed":43500,"FactionId":0,"Sector":0,"LocationId":0,"BuildingType":18,"Quality":14},{"NameSeed":43825,"FactionId":0,"Sector":0,"LocationId":0,"BuildingType":19,"Quality":6},{"NameSeed":40332,"FactionId":0,"Sector":0,"LocationId":0,"BuildingType":18,"Quality":3},{"NameSeed":40155,"FactionId":0,"Sector":0,"LocationId":0,"BuildingType":18,"Quality":4},{"NameSeed":6144,"FactionId":0,"Sector":0,"LocationId":0,"BuildingType":18,"Quality":8},{"NameSeed":3300,"FactionId":0,"Sector":0,"LocationId":0,"BuildingType":18,"Quality":16},{"NameSeed":19538,"FactionId":0,"Sector":0,"LocationId":0,"BuildingType":18,"Quality":8},{"NameSeed":1449,"FactionId":0,"Sector":0,"LocationId":0,"BuildingType":18,"Quality":9},{"NameSeed":29513,"FactionId":0,"Sector":0,"LocationId":0,"BuildingType":18,"Quality":1},{"NameSeed":1559,"FactionId":0,"Sector":0,"LocationId":0,"BuildingType":18,"Quality":18},{"NameSeed":52001,"FactionId":0,"Sector":0,"LocationId":0,"BuildingType":18,"Quality":6},{"NameSeed":41868,"FactionId":0,"Sector":0,"LocationId":0,"BuildingType":18,"Quality":12},{"NameSeed":14328,"FactionId":0,"Sector":0,"LocationId":0,"BuildingType":18,"Quality":12},{"NameSeed":29574,"FactionId":0,"Sector":0,"LocationId":0,"BuildingType":18,"Quality":10},{"NameSeed":13090,"FactionId":0,"Sector":0,"LocationId":0,"BuildingType":18,"Quality":10},{"NameSeed":4691,"FactionId":0,"Sector":0,"LocationId":0,"BuildingType":18,"Quality":4},{"NameSeed":20313,"FactionId":0,"Sector":0,"LocationId":0,"BuildingType":18,"Quality":16},{"NameSeed":50365,"FactionId":0,"Sector":0,"LocationId":0,"BuildingType":18,"Quality":7},{"NameSeed":37189,"FactionId":0,"Sector":0,"LocationId":0,"BuildingType":18,"Quality":5},{"NameSeed":15674,"FactionId":0,"Sector":0,"LocationId":0,"BuildingType":19,"Quality":5},{"NameSeed":15215,"FactionId":0,"Sector":0,"LocationId":0,"BuildingType":19,"Quality":18},{"NameSeed":36467,"FactionId":0,"Sector":0,"LocationId":0,"BuildingType":18,"Quality":7},{"NameSeed":4325,"FactionId":0,"Sector":0,"LocationId":0,"BuildingType":21,"Quality":3},{"NameSeed":38081,"FactionId":0,"Sector":0,"LocationId":0,"BuildingType":21,"Quality":17},{"NameSeed":27557,"FactionId":0,"Sector":0,"LocationId":0,"BuildingType":21,"Quality":15},{"NameSeed":40200,"FactionId":0,"Sector":0,"LocationId":0,"BuildingType":21,"Quality":18},{"NameSeed":37055,"FactionId":0,"Sector":0,"LocationId":0,"BuildingType":18,"Quality":7},{"NameSeed":5762,"FactionId":0,"Sector":0,"LocationId":0,"BuildingType":18,"Quality":15},{"NameSeed":43965,"FactionId":0,"Sector":0,"LocationId":0,"BuildingType":18,"Quality":20},{"NameSeed":60673,"FactionId":0,"Sector":0,"LocationId":0,"BuildingType":18,"Quality":18},{"NameSeed":7852,"FactionId":0,"Sector":0,"LocationId":0,"BuildingType":18,"Quality":20},{"NameSeed":44078,"FactionId":0,"Sector":0,"LocationId":0,"BuildingType":18,"Quality":4},{"NameSeed":55100,"FactionId":0,"Sector":0,"LocationId":0,"BuildingType":18,"Quality":9},{"NameSeed":36475,"FactionId":0,"Sector":0,"LocationId":0,"BuildingType":18,"Quality":10},{"NameSeed":55206,"FactionId":0,"Sector":0,"LocationId":0,"BuildingType":18,"Quality":3},{"NameSeed":30611,"FactionId":0,"Sector":0,"LocationId":0,"BuildingType":18,"Quality":19},{"NameSeed":36234,"FactionId":0,"Sector":0,"LocationId":0,"BuildingType":18,"Quality":11},{"NameSeed":303,"FactionId":0,"Sector":0,"LocationId":0,"BuildingType":18,"Quality":3},{"NameSeed":53494,"FactionId":0,"Sector":0,"LocationId":0,"BuildingType":18,"Quality":3},{"NameSeed":26258,"FactionId":0,"Sector":0,"LocationId":0,"BuildingType":18,"Quality":1},{"NameSeed":4264,"FactionId":0,"Sector":0,"LocationId":0,"BuildingType":18,"Quality":19},{"NameSeed":65323,"FactionId":0,"Sector":0,"LocationId":0,"BuildingType":18,"Quality":12},{"NameSeed":48340,"FactionId":0,"Sector":0,"LocationId":0,"BuildingType":18,"Quality":17},{"NameSeed":29375,"FactionId":0,"Sector":0,"LocationId":0,"BuildingType":18,"Quality":7},{"NameSeed":57982,"FactionId":0,"Sector":0,"LocationId":0,"BuildingType":18,"Quality":12},{"NameSeed":36951,"FactionId":0,"Sector":0,"LocationId":0,"BuildingType":18,"Quality":5},{"NameSeed":29898,"FactionId":0,"Sector":0,"LocationId":0,"BuildingType":18,"Quality":1},{"NameSeed":35377,"FactionId":0,"Sector":0,"LocationId":0,"BuildingType":18,"Quality":20},{"NameSeed":56523,"FactionId":0,"Sector":0,"LocationId":0,"BuildingType":18,"Quality":18},{"NameSeed":23331,"FactionId":0,"Sector":0,"LocationId":0,"BuildingType":18,"Quality":18},{"NameSeed":10961,"FactionId":0,"Sector":0,"LocationId":0,"BuildingType":18,"Quality":8},{"NameSeed":41554,"FactionId":0,"Sector":0,"LocationId":0,"BuildingType":19,"Quality":10},{"NameSeed":26754,"FactionId":0,"Sector":0,"LocationId":0,"BuildingType":19,"Quality":6},{"NameSeed":17260,"FactionId":0,"Sector":0,"LocationId":0,"BuildingType":18,"Quality":17},{"NameSeed":30547,"FactionId":0,"Sector":0,"LocationId":0,"BuildingType":21,"Quality":16},{"NameSeed":61956,"FactionId":0,"Sector":0,"LocationId":0,"BuildingType":21,"Quality":11},{"NameSeed":47128,"FactionId":0,"Sector":0,"LocationId":0,"BuildingType":21,"Quality":19},{"NameSeed":55615,"FactionId":0,"Sector":0,"LocationId":0,"BuildingType":21,"Quality":6},{"NameSeed":46345,"FactionId":0,"Sector":0,"LocationId":0,"BuildingType":18,"Quality":1},{"NameSeed":9047,"FactionId":0,"Sector":0,"LocationId":0,"BuildingType":15,"Quality":7},{"NameSeed":44603,"FactionId":0,"Sector":0,"LocationId":0,"BuildingType":19,"Quality":5},{"NameSeed":4380,"FactionId":0,"Sector":0,"LocationId":0,"BuildingType":18,"Quality":20},{"NameSeed":49599,"FactionId":0,"Sector":0,"LocationId":0,"BuildingType":18,"Quality":11},{"NameSeed":15254,"FactionId":0,"Sector":0,"LocationId":0,"BuildingType":18,"Quality":19},{"NameSeed":7319,"FactionId":0,"Sector":0,"LocationId":0,"BuildingType":18,"Quality":9},{"NameSeed":37703,"FactionId":0,"Sector":0,"LocationId":0,"BuildingType":19,"Quality":14},{"NameSeed":18143,"FactionId":0,"Sector":0,"LocationId":0,"BuildingType":18,"Quality":5},{"NameSeed":46693,"FactionId":0,"Sector":0,"LocationId":0,"BuildingType":18,"Quality":20},{"NameSeed":25774,"FactionId":0,"Sector":0,"LocationId":0,"BuildingType":18,"Quality":3},{"NameSeed":41533,"FactionId":0,"Sector":0,"LocationId":0,"BuildingType":18,"Quality":18},{"NameSeed":15033,"FactionId":0,"Sector":0,"LocationId":0,"BuildingType":18,"Quality":9},{"NameSeed":1755,"FactionId":0,"Sector":0,"LocationId":0,"BuildingType":18,"Quality":11},{"NameSeed":41094,"FactionId":0,"Sector":0,"LocationId":0,"BuildingType":18,"Quality":12},{"NameSeed":6730,"FactionId":0,"Sector":0,"LocationId":0,"BuildingType":18,"Quality":9},{"NameSeed":32348,"FactionId":0,"Sector":0,"LocationId":0,"BuildingType":18,"Quality":10},{"NameSeed":31958,"FactionId":0,"Sector":0,"LocationId":0,"BuildingType":18,"Quality":3},{"NameSeed":39623,"FactionId":0,"Sector":0,"LocationId":0,"BuildingType":18,"Quality":7},{"NameSeed":9617,"FactionId":0,"Sector":0,"LocationId":0,"BuildingType":18,"Quality":5},{"NameSeed":29942,"FactionId":0,"Sector":0,"LocationId":0,"BuildingType":18,"Quality":9},{"NameSeed":28872,"FactionId":0,"Sector":0,"LocationId":0,"BuildingType":18,"Quality":7},{"NameSeed":598,"FactionId":0,"Sector":0,"LocationId":0,"BuildingType":18,"Quality":20},{"NameSeed":3171,"FactionId":0,"Sector":0,"LocationId":0,"BuildingType":18,"Quality":19},{"NameSeed":9060,"FactionId":0,"Sector":0,"LocationId":0,"BuildingType":18,"Quality":10},{"NameSeed":33944,"FactionId":0,"Sector":0,"LocationId":0,"BuildingType":19,"Quality":8},{"NameSeed":12297,"FactionId":0,"Sector":0,"LocationId":0,"BuildingType":19,"Quality":14},{"NameSeed":21398,"FactionId":0,"Sector":0,"LocationId":0,"BuildingType":18,"Quality":5},{"NameSeed":44333,"FactionId":0,"Sector":0,"LocationId":0,"BuildingType":21,"Quality":18},{"NameSeed":6081,"FactionId":0,"Sector":0,"LocationId":0,"BuildingType":21,"Quality":9},{"NameSeed":41386,"FactionId":0,"Sector":0,"LocationId":0,"BuildingType":21,"Quality":4},{"NameSeed":6741,"FactionId":0,"Sector":0,"LocationId":0,"BuildingType":21,"Quality":12},{"NameSeed":55828,"FactionId":0,"Sector":0,"LocationId":0,"BuildingType":18,"Quality":12},{"NameSeed":32365,"FactionId":0,"Sector":0,"LocationId":0,"BuildingType":18,"Quality":18},{"NameSeed":51168,"FactionId":0,"Sector":0,"LocationId":0,"BuildingType":18,"Quality":9},{"NameSeed":55501,"FactionId":0,"Sector":0,"LocationId":0,"BuildingType":18,"Quality":14},{"NameSeed":61007,"FactionId":0,"Sector":0,"LocationId":0,"BuildingType":18,"Quality":16},{"NameSeed":48834,"FactionId":0,"Sector":0,"LocationId":0,"BuildingType":18,"Quality":16},{"NameSeed":48604,"FactionId":0,"Sector":0,"LocationId":0,"BuildingType":18,"Quality":17},{"NameSeed":4973,"FactionId":0,"Sector":0,"LocationId":0,"BuildingType":18,"Quality":5},{"NameSeed":9450,"FactionId":0,"Sector":0,"LocationId":0,"BuildingType":18,"Quality":15},{"NameSeed":8254,"FactionId":0,"Sector":0,"LocationId":0,"BuildingType":18,"Quality":7},{"NameSeed":30409,"FactionId":0,"Sector":0,"LocationId":0,"BuildingType":18,"Quality":19},{"NameSeed":45186,"FactionId":0,"Sector":0,"LocationId":0,"BuildingType":18,"Quality":5},{"NameSeed":25390,"FactionId":0,"Sector":0,"LocationId":0,"BuildingType":18,"Quality":13},{"NameSeed":21863,"FactionId":0,"Sector":0,"LocationId":0,"BuildingType":18,"Quality":3},{"NameSeed":53589,"FactionId":0,"Sector":0,"LocationId":0,"BuildingType":18,"Quality":15},{"NameSeed":26745,"FactionId":0,"Sector":0,"LocationId":0,"BuildingType":18,"Quality":3},{"NameSeed":64516,"FactionId":0,"Sector":0,"LocationId":0,"BuildingType":18,"Quality":10},{"NameSeed":53845,"FactionId":0,"Sector":0,"LocationId":0,"BuildingType":18,"Quality":7},{"NameSeed":61922,"FactionId":0,"Sector":0,"LocationId":0,"BuildingType":18,"Quality":18},{"NameSeed":51868,"FactionId":0,"Sector":0,"LocationId":0,"BuildingType":18,"Quality":3},{"NameSeed":45065,"FactionId":0,"Sector":0,"LocationId":0,"BuildingType":18,"Quality":2},{"NameSeed":37955,"FactionId":0,"Sector":0,"LocationId":0,"BuildingType":18,"Quality":18},{"NameSeed":15126,"FactionId":0,"Sector":0,"LocationId":0,"BuildingType":18,"Quality":11},{"NameSeed":59704,"FactionId":0,"Sector":0,"LocationId":0,"BuildingType":18,"Quality":11},{"NameSeed":14616,"FactionId":0,"Sector":0,"LocationId":0,"BuildingType":18,"Quality":2},{"NameSeed":33685,"FactionId":0,"Sector":0,"LocationId":0,"BuildingType":19,"Quality":5},{"NameSeed":9432,"FactionId":0,"Sector":0,"LocationId":0,"BuildingType":19,"Quality":2},{"NameSeed":43666,"FactionId":0,"Sector":0,"LocationId":0,"BuildingType":18,"Quality":20},{"NameSeed":51794,"FactionId":0,"Sector":0,"LocationId":0,"BuildingType":21,"Quality":7},{"NameSeed":36906,"FactionId":0,"Sector":0,"LocationId":0,"BuildingType":21,"Quality":15},{"NameSeed":51241,"FactionId":0,"Sector":0,"LocationId":0,"BuildingType":21,"Quality":18},{"NameSeed":55399,"FactionId":0,"Sector":0,"LocationId":0,"BuildingType":21,"Quality":18},{"NameSeed":2722,"FactionId":0,"Sector":0,"LocationId":0,"BuildingType":17,"Quality":14},{"NameSeed":49081,"FactionId":0,"Sector":0,"LocationId":0,"BuildingType":18,"Quality":7},{"NameSeed":57545,"FactionId":0,"Sector":0,"LocationId":0,"BuildingType":19,"Quality":12},{"NameSeed":17907,"FactionId":0,"Sector":0,"LocationId":0,"BuildingType":18,"Quality":3},{"NameSeed":53888,"FactionId":0,"Sector":0,"LocationId":0,"BuildingType":18,"Quality":13},{"NameSeed":22167,"FactionId":0,"Sector":0,"LocationId":0,"BuildingType":18,"Quality":3},{"NameSeed":18267,"FactionId":0,"Sector":0,"LocationId":0,"BuildingType":15,"Quality":9},{"NameSeed":2882,"FactionId":0,"Sector":0,"LocationId":0,"BuildingType":18,"Quality":10},{"NameSeed":51643,"FactionId":0,"Sector":0,"LocationId":0,"BuildingType":18,"Quality":20},{"NameSeed":51475,"FactionId":0,"Sector":0,"LocationId":0,"BuildingType":18,"Quality":15},{"NameSeed":30112,"FactionId":0,"Sector":0,"LocationId":0,"BuildingType":18,"Quality":3},{"NameSeed":63205,"FactionId":0,"Sector":0,"LocationId":0,"BuildingType":18,"Quality":12},{"NameSeed":57126,"FactionId":0,"Sector":0,"LocationId":0,"BuildingType":19,"Quality":6},{"NameSeed":4942,"FactionId":0,"Sector":0,"LocationId":0,"BuildingType":18,"Quality":16},{"NameSeed":60524,"FactionId":0,"Sector":0,"LocationId":0,"BuildingType":18,"Quality":14},{"NameSeed":23579,"FactionId":0,"Sector":0,"LocationId":0,"BuildingType":18,"Quality":8},{"NameSeed":31651,"FactionId":0,"Sector":0,"LocationId":0,"BuildingType":18,"Quality":5},{"NameSeed":1486,"FactionId":0,"Sector":0,"LocationId":0,"BuildingType":18,"Quality":3},{"NameSeed":3421,"FactionId":0,"Sector":0,"LocationId":0,"BuildingType":18,"Quality":16},{"NameSeed":13155,"FactionId":0,"Sector":0,"LocationId":0,"BuildingType":18,"Quality":20},{"NameSeed":28970,"FactionId":0,"Sector":0,"LocationId":0,"BuildingType":18,"Quality":15},{"NameSeed":28758,"FactionId":0,"Sector":0,"LocationId":0,"BuildingType":18,"Quality":16},{"NameSeed":25590,"FactionId":0,"Sector":0,"LocationId":0,"BuildingType":18,"Quality":4},{"NameSeed":46651,"FactionId":0,"Sector":0,"LocationId":0,"BuildingType":18,"Quality":13},{"NameSeed":58786,"FactionId":0,"Sector":0,"LocationId":0,"BuildingType":18,"Quality":10},{"NameSeed":26520,"FactionId":0,"Sector":0,"LocationId":0,"BuildingType":19,"Quality":14},{"NameSeed":40363,"FactionId":0,"Sector":0,"LocationId":0,"BuildingType":19,"Quality":11},{"NameSeed":55059,"FactionId":0,"Sector":0,"LocationId":0,"BuildingType":18,"Quality":9},{"NameSeed":60371,"FactionId":0,"Sector":0,"LocationId":0,"BuildingType":21,"Quality":1},{"NameSeed":47312,"FactionId":0,"Sector":0,"LocationId":0,"BuildingType":21,"Quality":15},{"NameSeed":17828,"FactionId":0,"Sector":0,"LocationId":0,"BuildingType":21,"Quality":6},{"NameSeed":55434,"FactionId":0,"Sector":0,"LocationId":0,"BuildingType":21,"Quality":11},{"NameSeed":38687,"FactionId":0,"Sector":0,"LocationId":0,"BuildingType":18,"Quality":12},{"NameSeed":26086,"FactionId":0,"Sector":0,"LocationId":0,"BuildingType":18,"Quality":16},{"NameSeed":18225,"FactionId":0,"Sector":0,"LocationId":0,"BuildingType":19,"Quality":3},{"NameSeed":13890,"FactionId":0,"Sector":0,"LocationId":0,"BuildingType":18,"Quality":5},{"NameSeed":60461,"FactionId":0,"Sector":0,"LocationId":0,"BuildingType":18,"Quality":10},{"NameSeed":43865,"FactionId":0,"Sector":0,"LocationId":0,"BuildingType":19,"Quality":3},{"NameSeed":42525,"FactionId":0,"Sector":0,"LocationId":0,"BuildingType":18,"Quality":10},{"NameSeed":48986,"FactionId":0,"Sector":0,"LocationId":0,"BuildingType":18,"Quality":9},{"NameSeed":10893,"FactionId":0,"Sector":0,"LocationId":0,"BuildingType":18,"Quality":15},{"NameSeed":26386,"FactionId":0,"Sector":0,"LocationId":0,"BuildingType":19,"Quality":16},{"NameSeed":3224,"FactionId":0,"Sector":0,"LocationId":0,"BuildingType":18,"Quality":12},{"NameSeed":55766,"FactionId":0,"Sector":0,"LocationId":0,"BuildingType":19,"Quality":11},{"NameSeed":45464,"FactionId":0,"Sector":0,"LocationId":0,"BuildingType":19,"Quality":3},{"NameSeed":64701,"FactionId":0,"Sector":0,"LocationId":0,"BuildingType":18,"Quality":1},{"NameSeed":29573,"FactionId":0,"Sector":0,"LocationId":0,"BuildingType":19,"Quality":10},{"NameSeed":56642,"FactionId":0,"Sector":0,"LocationId":0,"BuildingType":18,"Quality":6},{"NameSeed":41497,"FactionId":0,"Sector":0,"LocationId":0,"BuildingType":18,"Quality":20},{"NameSeed":1989,"FactionId":0,"Sector":0,"LocationId":0,"BuildingType":18,"Quality":11},{"NameSeed":36346,"FactionId":0,"Sector":0,"LocationId":0,"BuildingType":18,"Quality":10},{"NameSeed":53004,"FactionId":0,"Sector":0,"LocationId":0,"BuildingType":18,"Quality":13},{"NameSeed":7212,"FactionId":0,"Sector":0,"LocationId":0,"BuildingType":18,"Quality":18},{"NameSeed":148,"FactionId":0,"Sector":0,"LocationId":0,"BuildingType":18,"Quality":5},{"NameSeed":15997,"FactionId":0,"Sector":0,"LocationId":0,"BuildingType":18,"Quality":9},{"NameSeed":51035,"FactionId":0,"Sector":0,"LocationId":0,"BuildingType":18,"Quality":5},{"NameSeed":18159,"FactionId":0,"Sector":0,"LocationId":0,"BuildingType":18,"Quality":7},{"NameSeed":17449,"FactionId":0,"Sector":0,"LocationId":0,"BuildingType":19,"Quality":2},{"NameSeed":41458,"FactionId":0,"Sector":0,"LocationId":0,"BuildingType":19,"Quality":17},{"NameSeed":24273,"FactionId":0,"Sector":0,"LocationId":0,"BuildingType":18,"Quality":5},{"NameSeed":15131,"FactionId":0,"Sector":0,"LocationId":0,"BuildingType":21,"Quality":19},{"NameSeed":63997,"FactionId":0,"Sector":0,"LocationId":0,"BuildingType":21,"Quality":12},{"NameSeed":24209,"FactionId":0,"Sector":0,"LocationId":0,"BuildingType":21,"Quality":13},{"NameSeed":50995,"FactionId":0,"Sector":0,"LocationId":0,"BuildingType":21,"Quality":19},{"NameSeed":19579,"FactionId":0,"Sector":0,"LocationId":0,"BuildingType":18,"Quality":5},{"NameSeed":1504,"FactionId":0,"Sector":0,"LocationId":0,"BuildingType":18,"Quality":3},{"NameSeed":468,"FactionId":0,"Sector":0,"LocationId":0,"BuildingType":18,"Quality":2},{"NameSeed":4473,"FactionId":0,"Sector":0,"LocationId":0,"BuildingType":18,"Quality":10},{"NameSeed":12722,"FactionId":0,"Sector":0,"LocationId":0,"BuildingType":18,"Quality":1},{"NameSeed":24245,"FactionId":0,"Sector":0,"LocationId":0,"BuildingType":18,"Quality":15},{"NameSeed":35324,"FactionId":0,"Sector":0,"LocationId":0,"BuildingType":18,"Quality":12},{"NameSeed":48543,"FactionId":0,"Sector":0,"LocationId":0,"BuildingType":18,"Quality":7},{"NameSeed":47888,"FactionId":0,"Sector":0,"LocationId":0,"BuildingType":18,"Quality":6},{"NameSeed":63326,"FactionId":0,"Sector":0,"LocationId":0,"BuildingType":18,"Quality":15},{"NameSeed":338,"FactionId":0,"Sector":0,"LocationId":0,"BuildingType":19,"Quality":11},{"NameSeed":63503,"FactionId":0,"Sector":0,"LocationId":0,"BuildingType":18,"Quality":4},{"NameSeed":3869,"FactionId":0,"Sector":0,"LocationId":0,"BuildingType":18,"Quality":7},{"NameSeed":13242,"FactionId":0,"Sector":0,"LocationId":0,"BuildingType":18,"Quality":12},{"NameSeed":18901,"FactionId":0,"Sector":0,"LocationId":0,"BuildingType":18,"Quality":4},{"NameSeed":30400,"FactionId":0,"Sector":0,"LocationId":0,"BuildingType":18,"Quality":10},{"NameSeed":54482,"FactionId":0,"Sector":0,"LocationId":0,"BuildingType":18,"Quality":2},{"NameSeed":40782,"FactionId":0,"Sector":0,"LocationId":0,"BuildingType":18,"Quality":1},{"NameSeed":20851,"FactionId":0,"Sector":0,"LocationId":0,"BuildingType":18,"Quality":5},{"NameSeed":25594,"FactionId":0,"Sector":0,"LocationId":0,"BuildingType":18,"Quality":6},{"NameSeed":10804,"FactionId":0,"Sector":0,"LocationId":0,"BuildingType":18,"Quality":3},{"NameSeed":35420,"FactionId":0,"Sector":0,"LocationId":0,"BuildingType":18,"Quality":6},{"NameSeed":19715,"FactionId":0,"Sector":0,"LocationId":0,"BuildingType":18,"Quality":9},{"NameSeed":12437,"FactionId":0,"Sector":0,"LocationId":0,"BuildingType":18,"Quality":5},{"NameSeed":59220,"FactionId":0,"Sector":0,"LocationId":0,"BuildingType":18,"Quality":12},{"NameSeed":11097,"FactionId":0,"Sector":0,"LocationId":0,"BuildingType":19,"Quality":14},{"NameSeed":57592,"FactionId":0,"Sector":0,"LocationId":0,"BuildingType":19,"Quality":14},{"NameSeed":65191,"FactionId":0,"Sector":0,"LocationId":0,"BuildingType":18,"Quality":4},{"NameSeed":17593,"FactionId":0,"Sector":0,"LocationId":0,"BuildingType":21,"Quality":11},{"NameSeed":24928,"FactionId":0,"Sector":0,"LocationId":0,"BuildingType":21,"Quality":7},{"NameSeed":25347,"FactionId":0,"Sector":0,"LocationId":0,"BuildingType":21,"Quality":17},{"NameSeed":32255,"FactionId":0,"Sector":0,"LocationId":0,"BuildingType":21,"Quality":1},{"NameSeed":42410,"FactionId":0,"Sector":0,"LocationId":0,"BuildingType":17,"Quality":12},{"NameSeed":44420,"FactionId":0,"Sector":0,"LocationId":0,"BuildingType":18,"Quality":16},{"NameSeed":26481,"FactionId":0,"Sector":0,"LocationId":0,"BuildingType":19,"Quality":1},{"NameSeed":34393,"FactionId":0,"Sector":0,"LocationId":0,"BuildingType":18,"Quality":4},{"NameSeed":42509,"FactionId":0,"Sector":0,"LocationId":0,"BuildingType":18,"Quality":11},{"NameSeed":51385,"FactionId":0,"Sector":0,"LocationId":0,"BuildingType":18,"Quality":9},{"NameSeed":63335,"FactionId":0,"Sector":0,"LocationId":0,"BuildingType":15,"Quality":12},{"NameSeed":42717,"FactionId":0,"Sector":0,"LocationId":0,"BuildingType":18,"Quality":8},{"NameSeed":17201,"FactionId":0,"Sector":0,"LocationId":0,"BuildingType":18,"Quality":19},{"NameSeed":20362,"FactionId":0,"Sector":0,"LocationId":0,"BuildingType":18,"Quality":14},{"NameSeed":48467,"FactionId":0,"Sector":0,"LocationId":0,"BuildingType":18,"Quality":15},{"NameSeed":4736,"FactionId":0,"Sector":0,"LocationId":0,"BuildingType":18,"Quality":19},{"NameSeed":19536,"FactionId":0,"Sector":0,"LocationId":0,"BuildingType":19,"Quality":9},{"NameSeed":47485,"FactionId":0,"Sector":0,"LocationId":0,"BuildingType":18,"Quality":3},{"NameSeed":47713,"FactionId":0,"Sector":0,"LocationId":0,"BuildingType":18,"Quality":2},{"NameSeed":17725,"FactionId":0,"Sector":0,"LocationId":0,"BuildingType":18,"Quality":16},{"NameSeed":18476,"FactionId":0,"Sector":0,"LocationId":0,"BuildingType":18,"Quality":17},{"NameSeed":21719,"FactionId":0,"Sector":0,"LocationId":0,"BuildingType":18,"Quality":8},{"NameSeed":9860,"FactionId":0,"Sector":0,"LocationId":0,"BuildingType":18,"Quality":10},{"NameSeed":47825,"FactionId":0,"Sector":0,"LocationId":0,"BuildingType":18,"Quality":12},{"NameSeed":37151,"FactionId":0,"Sector":0,"LocationId":0,"BuildingType":18,"Quality":14},{"NameSeed":17467,"FactionId":0,"Sector":0,"LocationId":0,"BuildingType":18,"Quality":9},{"NameSeed":50752,"FactionId":0,"Sector":0,"LocationId":0,"BuildingType":18,"Quality":17},{"NameSeed":53206,"FactionId":0,"Sector":0,"LocationId":0,"BuildingType":18,"Quality":3},{"NameSeed":33397,"FactionId":0,"Sector":0,"LocationId":0,"BuildingType":18,"Quality":10},{"NameSeed":39671,"FactionId":0,"Sector":0,"LocationId":0,"BuildingType":19,"Quality":14},{"NameSeed":24755,"FactionId":0,"Sector":0,"LocationId":0,"BuildingType":19,"Quality":8},{"NameSeed":53554,"FactionId":0,"Sector":0,"LocationId":0,"BuildingType":18,"Quality":7},{"NameSeed":35399,"FactionId":0,"Sector":0,"LocationId":0,"BuildingType":21,"Quality":14},{"NameSeed":11406,"FactionId":0,"Sector":0,"LocationId":0,"BuildingType":21,"Quality":2},{"NameSeed":559,"FactionId":0,"Sector":0,"LocationId":0,"BuildingType":21,"Quality":6},{"NameSeed":53349,"FactionId":0,"Sector":0,"LocationId":0,"BuildingType":21,"Quality":20},{"NameSeed":5757,"FactionId":0,"Sector":0,"LocationId":0,"BuildingType":18,"Quality":9},{"NameSeed":60649,"FactionId":0,"Sector":0,"LocationId":0,"BuildingType":18,"Quality":16},{"NameSeed":65075,"FactionId":0,"Sector":0,"LocationId":0,"BuildingType":18,"Quality":7},{"NameSeed":64759,"FactionId":0,"Sector":0,"LocationId":0,"BuildingType":18,"Quality":17},{"NameSeed":45290,"FactionId":0,"Sector":0,"LocationId":0,"BuildingType":18,"Quality":20},{"NameSeed":33644,"FactionId":0,"Sector":0,"LocationId":0,"BuildingType":18,"Quality":4},{"NameSeed":16236,"FactionId":0,"Sector":0,"LocationId":0,"BuildingType":18,"Quality":18},{"NameSeed":8425,"FactionId":0,"Sector":0,"LocationId":0,"BuildingType":18,"Quality":2},{"NameSeed":7774,"FactionId":0,"Sector":0,"LocationId":0,"BuildingType":18,"Quality":6},{"NameSeed":53712,"FactionId":0,"Sector":0,"LocationId":0,"BuildingType":18,"Quality":11},{"NameSeed":45554,"FactionId":0,"Sector":0,"LocationId":0,"BuildingType":19,"Quality":18},{"NameSeed":40995,"FactionId":0,"Sector":0,"LocationId":0,"BuildingType":18,"Quality":12},{"NameSeed":29906,"FactionId":0,"Sector":0,"LocationId":0,"BuildingType":18,"Quality":14},{"NameSeed":35407,"FactionId":0,"Sector":0,"LocationId":0,"BuildingType":18,"Quality":7},{"NameSeed":36740,"FactionId":0,"Sector":0,"LocationId":0,"BuildingType":18,"Quality":18},{"NameSeed":31610,"FactionId":0,"Sector":0,"LocationId":0,"BuildingType":18,"Quality":1},{"NameSeed":28148,"FactionId":0,"Sector":0,"LocationId":0,"BuildingType":18,"Quality":12},{"NameSeed":6239,"FactionId":0,"Sector":0,"LocationId":0,"BuildingType":18,"Quality":1},{"NameSeed":65443,"FactionId":0,"Sector":0,"LocationId":0,"BuildingType":18,"Quality":14},{"NameSeed":14455,"FactionId":0,"Sector":0,"LocationId":0,"BuildingType":18,"Quality":6},{"NameSeed":13817,"FactionId":0,"Sector":0,"LocationId":0,"BuildingType":18,"Quality":2},{"NameSeed":27636,"FactionId":0,"Sector":0,"LocationId":0,"BuildingType":18,"Quality":10},{"NameSeed":5884,"FactionId":0,"Sector":0,"LocationId":0,"BuildingType":18,"Quality":10},{"NameSeed":48063,"FactionId":0,"Sector":0,"LocationId":0,"BuildingType":18,"Quality":10},{"NameSeed":10414,"FactionId":0,"Sector":0,"LocationId":0,"BuildingType":18,"Quality":12},{"NameSeed":54366,"FactionId":0,"Sector":0,"LocationId":0,"BuildingType":19,"Quality":17},{"NameSeed":8176,"FactionId":0,"Sector":0,"LocationId":0,"BuildingType":19,"Quality":4},{"NameSeed":24151,"FactionId":0,"Sector":0,"LocationId":0,"BuildingType":18,"Quality":19},{"NameSeed":30301,"FactionId":0,"Sector":0,"LocationId":0,"BuildingType":21,"Quality":14},{"NameSeed":64140,"FactionId":0,"Sector":0,"LocationId":0,"BuildingType":21,"Quality":10},{"NameSeed":27412,"FactionId":0,"Sector":0,"LocationId":0,"BuildingType":21,"Quality":12},{"NameSeed":6948,"FactionId":0,"Sector":0,"LocationId":0,"BuildingType":21,"Quality":19}],"ExteriorData":{"AnotherName":"The Dista Orchard","MapId":206980,"LocationId":2524,"Width":5,"Height":5,"PortTownAndUnknown":0,"BlockNames":["FARMAA00.RMB","FARMAA09.RMB","FARMAA06.RMB","FARMAA02.RMB","FARMAA09.RMB","FARMAA08.RMB","FARMAA04.RMB","FARMAA00.RMB","FARMAA05.RMB","FARMAA07.RMB","FARMAA08.RMB","FARMAA08.RMB","FARMAA07.RMB","FARMAA01.RMB","FARMAA06.RMB","FARMAA04.RMB","FARMAA08.RMB","FARMAA01.RMB","FARMAA08.RMB","FARMAA01.RMB","FARMAA09.RMB","FARMAA06.RMB","FARMAA03.RMB","FARMAA09.RMB","FARMAA03.RMB"]}},"Dungeon":{"RecordElement":{"Header":{"X":0,"Y":0,"IsExterior":0,"Unknown2":0,"LocationId":0,"IsInterior":0,"ExteriorLocationId":0,"LocationName":null}},"Header":{"BlockCount":0},"Blocks":null},"Climate":{"WorldClimate":227,"ClimateType":400,"NatureSet":500,"GroundArchive":402,"NatureArchive":500,"SkyBase":24,"People":2,"Names":0},"Politic":57,"RegionIndex":185,"LocationIndex":0}