{"Loaded":true,"Name":"The Masterhart Orchard","RegionName":"Orsinium Area","HasDungeon":false,"MapTableData":{"MapId":168875,"Latitude":42368,"Longitude":112000,"LocationType":3,"DungeonType":255,"Discovered":false,"Key":0,"LocationId":646},"Exterior":{"RecordElement":{"Header":{"X":28686336,"Y":5519361,"IsExterior":32768,"Unknown2":0,"LocationId":646,"IsInterior":0,"ExteriorLocationId":646,"LocationName":"The Masterhart Orchard"}},"BuildingCount":32,"Buildings":[{"NameSeed":32707,"FactionId":0,"Sector":0,"LocationId":0,"BuildingType":18,"Quality":17},{"NameSeed":29980,"FactionId":0,"Sector":0,"LocationId":0,"BuildingType":18,"Quality":14},{"NameSeed":21652,"FactionId":0,"Sector":0,"LocationId":0,"BuildingType":18,"Quality":17},{"NameSeed":63888,"FactionId":0,"Sector":0,"LocationId":0,"BuildingType":18,"Quality":18},{"NameSeed":47942,"FactionId":0,"Sector":0,"LocationId":0,"BuildingType":18,"Quality":5},{"NameSeed":34243,"FactionId":0,"Sector":0,"LocationId":0,"BuildingType":18,"Quality":16},{"NameSeed":30018,"FactionId":0,"Sector":0,"LocationId":0,"BuildingType":18,"Quality":8},{"NameSeed":28850,"FactionId":0,"Sector":0,"LocationId":0,"BuildingType":18,"Quality":6},{"NameSeed":36159,"FactionId":0,"Sector":0,"LocationId":0,"BuildingType":18,"Quality":4},{"NameSeed":44292,"FactionId":0,"Sector":0,"LocationId":0,"BuildingType":18,"Quality":20},{"NameSeed":42851,"FactionId":0,"Sector":0,"LocationId":0,"BuildingType":19,"Quality":18},{"NameSeed":38375,"FactionId":0,"Sector":0,"LocationId":0,"BuildingType":18,"Quality":20},{"NameSeed":37662,"FactionId":0,"Sector":0,"LocationId":0,"BuildingType":18,"Quality":16},{"NameSeed":16392,"FactionId":0,"Sector":0,"LocationId":0,"BuildingType":18,"Quality":10},{"NameSeed":21785,"FactionId":0,"Sector":0,"LocationId":0,"BuildingType":18,"Quality":16},{"NameSeed":53291,"FactionId":0,"Sector":0,"LocationId":0,"BuildingType":18,"Quality":5},{"NameSeed":3040,"FactionId":0,"Sector":0,"LocationId":0,"BuildingType":18,"Quality":13},{"NameSeed":20055,"FactionId":0,"Sector":0,"LocationId":0,"BuildingType":18,"Quality":20},{"NameSeed":4873,"FactionId":0,"Sector":0,"LocationId":0,"BuildingType":18,"Quality":5},{"NameSeed":50223,"FactionId":0,"Sector":0,"LocationId":0,"BuildingType":18,"Quality":20},{"NameSeed":1773,"FactionId":0,"Sector":0,"LocationId":0,"BuildingType":18,"Quality":1},{"NameSeed":44281,"FactionId":0,"Sector":0,"LocationId":0,"BuildingType":18,"Quality":12},{"NameSeed":47458,"FactionId":0,"Sector":0,"LocationId":0,"BuildingType":18,"Quality":18},{"NameSeed":48630,"FactionId":0,"Sector":0,"LocationId":0,"BuildingType":18,"Quality":20},{"NameSeed":41713,"FactionId":0,"Sector":0,"LocationId":0,"BuildingType":18,"Quality":10},{"NameSeed":53322,"FactionId":0,"Sector":0,"LocationId":0,"BuildingType":19,"Quality":19},{"NameSeed":3827,"FactionId":0,"Sector":0,"LocationId":0,"BuildingType":19,"Quality":19},{"NameSeed":40598,"FactionId":0,"Sector":0,"LocationId":0,"BuildingType":18,"Quality":5},{"NameSeed":41794,"FactionId":0,"Sector":0,"LocationId":0,"BuildingType":21,"Quality":19},{"NameSeed":51206,"FactionId":0,"Sector":0,"LocationId":0,"BuildingType":21,"Quality":10},{"NameSeed":63797,"FactionId":0,"Sector":0,"LocationId":0,"BuildingType":21,"Quality":17},{"NameSeed":54123,"FactionId":0,"Sector":0,"LocationId":0,"BuildingType":21,"Quality":8}],"ExteriorData":{"AnotherName":"The Masterhart Orchard","MapId":168875,"LocationId":646,"Width":1,"Height":1,"PortTownAndUnknown":0,"BlockNames":["FARMAA04.RMB"]}},"Dungeon":{"RecordElement":{"Header":{"X":0,"Y":0,"IsExterior":0,"Unknown2":0,"LocationId":0,"IsInterior":0,"ExteriorLocationId":0,"LocationName":null}},"Header":{"BlockCount":0},"Blocks":null},"Climate":{"WorldClimate":226,"ClimateType":100,"NatureSet":510,"GroundArchive":102,"NatureArchive":510,"SkyBase":0,"People":0,"Names":0},"Politic":26,"RegionIndex":154,"LocationIndex":0}