{"Loaded":true,"Name":"The Hawkhart Grange","RegionName":"Dwynnen","HasDungeon":false,"MapTableData":{"MapId":64521,"Latitude":55680,"Longitude":66688,"LocationType":3,"DungeonType":255,"Discovered":false,"Key":0,"LocationId":172},"Exterior":{"RecordElement":{"Header":{"X":17086464,"Y":2111489,"IsExterior":32768,"Unknown2":0,"LocationId":172,"IsInterior":0,"ExteriorLocationId":172,"LocationName":"The Hawkhart Grange"}},"BuildingCount":32,"Buildings":[{"NameSeed":26402,"FactionId":0,"Sector":0,"LocationId":0,"BuildingType":18,"Quality":3},{"NameSeed":64091,"FactionId":0,"Sector":0,"LocationId":0,"BuildingType":15,"Quality":16},{"NameSeed":44768,"FactionId":0,"Sector":0,"LocationId":0,"BuildingType":19,"Quality":13},{"NameSeed":10623,"FactionId":0,"Sector":0,"LocationId":0,"BuildingType":18,"Quality":10},{"NameSeed":22735,"FactionId":0,"Sector":0,"LocationId":0,"BuildingType":18,"Quality":10},{"NameSeed":55430,"FactionId":0,"Sector":0,"LocationId":0,"BuildingType":18,"Quality":12},{"NameSeed":20939,"FactionId":0,"Sector":0,"LocationId":0,"BuildingType":18,"Quality":12},{"NameSeed":15710,"FactionId":0,"Sector":0,"LocationId":0,"BuildingType":19,"Quality":6},{"NameSeed":49622,"FactionId":0,"Sector":0,"LocationId":0,"BuildingType":18,"Quality":18},{"NameSeed":20408,"FactionId":0,"Sector":0,"LocationId":0,"BuildingType":18,"Quality":3},{"NameSeed":9933,"FactionId":0,"Sector":0,"LocationId":0,"BuildingType":18,"Quality":10},{"NameSeed":6323,"FactionId":0,"Sector":0,"LocationId":0,"BuildingType":18,"Quality":4},{"NameSeed":39098,"FactionId":0,"Sector":0,"LocationId":0,"BuildingType":18,"Quality":6},{"NameSeed":61382,"FactionId":0,"Sector":0,"LocationId":0,"BuildingType":18,"Quality":2},{"NameSeed":48579,"FactionId":0,"Sector":0,"LocationId":0,"BuildingType":18,"Quality":20},{"NameSeed":44830,"FactionId":0,"Sector":0,"LocationId":0,"BuildingType":18,"Quality":20},{"NameSeed":20629,"FactionId":0,"Sector":0,"LocationId":0,"BuildingType":18,"Quality":8},{"NameSeed":24634,"FactionId":0,"Sector":0,"LocationId":0,"BuildingType":18,"Quality":10},{"NameSeed":26489,"FactionId":0,"Sector":0,"LocationId":0,"BuildingType":18,"Quality":17},{"NameSeed":64824,"FactionId":0,"Sector":0,"LocationId":0,"BuildingType":18,"Quality":3},{"NameSeed":36049,"FactionId":0,"Sector":0,"LocationId":0,"BuildingType":18,"Quality":17},{"NameSeed":42797,"FactionId":0,"Sector":0,"LocationId":0,"BuildingType":18,"Quality":14},{"NameSeed":50183,"FactionId":0,"Sector":0,"LocationId":0,"BuildingType":18,"Quality":16},{"NameSeed":46871,"FactionId":0,"Sector":0,"LocationId":0,"BuildingType":18,"Quality":17},{"NameSeed":26236,"FactionId":0,"Sector":0,"LocationId":0,"BuildingType":18,"Quality":15},{"NameSeed":21412,"FactionId":0,"Sector":0,"LocationId":0,"BuildingType":19,"Quality":8},{"NameSeed":17574,"FactionId":0,"Sector":0,"LocationId":0,"BuildingType":19,"Quality":11},{"NameSeed":61524,"FactionId":0,"Sector":0,"LocationId":0,"BuildingType":18,"Quality":5},{"NameSeed":32587,"FactionId":0,"Sector":0,"LocationId":0,"BuildingType":21,"Quality":13},{"NameSeed":20926,"FactionId":0,"Sector":0,"LocationId":0,"BuildingType":21,"Quality":7},{"NameSeed":31518,"FactionId":0,"Sector":0,"LocationId":0,"BuildingType":21,"Quality":1},{"NameSeed":9521,"FactionId":0,"Sector":0,"LocationId":0,"BuildingType":21,"Quality":19}],"ExteriorData":{"AnotherName":"The Hawkhart Grange","MapId":64521,"LocationId":172,"Width":1,"Height":1,"PortTownAndUnknown":0,"BlockNames":["FARMBA08.RMB"]}},"Dungeon":{"RecordElement":{"Header":{"X":0,"Y":0,"IsExterior":0,"Unknown2":0,"LocationId":0,"IsInterior":0,"ExteriorLocationId":0,"LocationName":null}},"Header":{"BlockCount":0},"Blocks":null},"Climate":{"WorldClimate":224,"ClimateType":0,"NatureSet":503,"GroundArchive":2,"NatureArchive":503,"SkyBase":8,"People":2,"Names":0},"Politic":5,"RegionIndex":133,"LocationIndex":0}