{"Loaded":true,"Name":"Factten Grange","RegionName":"Santaki","HasDungeon":false,"MapTableData":{"MapId":424645,"Latitude":9600,"Longitude":82560,"LocationType":3,"DungeonType":255,"Discovered":false,"Key":0,"LocationId":1592},"Exterior":{"RecordElement":{"Header":{"X":21145600,"Y":13903873,"IsExterior":32768,"Unknown2":0,"LocationId":1592,"IsInterior":0,"ExteriorLocationId":1592,"LocationName":"Factten Grange"}},"BuildingCount":288,"Buildings":[{"NameSeed":54014,"FactionId":0,"Sector":0,"LocationId":0,"BuildingType":18,"Quality":15},{"NameSeed":14484,"FactionId":0,"Sector":0,"LocationId":0,"BuildingType":18,"Quality":19},{"NameSeed":4851,"FactionId":0,"Sector":0,"LocationId":0,"BuildingType":19,"Quality":7},{"NameSeed":62669,"FactionId":0,"Sector":0,"LocationId":0,"BuildingType":18,"Quality":19},{"NameSeed":47871,"FactionId":0,"Sector":0,"LocationId":0,"BuildingType":18,"Quality":18},{"NameSeed":1575,"FactionId":0,"Sector":0,"LocationId":0,"BuildingType":19,"Quality":3},{"NameSeed":56360,"FactionId":0,"Sector":0,"LocationId":0,"BuildingType":18,"Quality":7},{"NameSeed":64226,"FactionId":0,"Sector":0,"LocationId":0,"BuildingType":18,"Quality":12},{"NameSeed":33039,"FactionId":0,"Sector":0,"LocationId":0,"BuildingType":18,"Quality":5},{"NameSeed":63525,"FactionId":0,"Sector":0,"LocationId":0,"BuildingType":19,"Quality":14},{"NameSeed":13499,"FactionId":0,"Sector":0,"LocationId":0,"BuildingType":18,"Quality":14},{"NameSeed":53562,"FactionId":0,"Sector":0,"LocationId":0,"BuildingType":19,"Quality":2},{"NameSeed":3059,"FactionId":0,"Sector":0,"LocationId":0,"BuildingType":19,"Quality":16},{"NameSeed":65318,"FactionId":0,"Sector":0,"LocationId":0,"BuildingType":18,"Quality":4},{"NameSeed":3017,"FactionId":0,"Sector":0,"LocationId":0,"BuildingType":19,"Quality":2},{"NameSeed":51028,"FactionId":0,"Sector":0,"LocationId":0,"BuildingType":18,"Quality":2},{"NameSeed":57994,"FactionId":0,"Sector":0,"LocationId":0,"BuildingType":18,"Quality":4},{"NameSeed":48670,"FactionId":0,"Sector":0,"LocationId":0,"BuildingType":18,"Quality":18},{"NameSeed":34662,"FactionId":0,"Sector":0,"LocationId":0,"BuildingType":18,"Quality":10},{"NameSeed":47676,"FactionId":0,"Sector":0,"LocationId":0,"BuildingType":18,"Quality":18},{"NameSeed":29796,"FactionId":0,"Sector":0,"LocationId":0,"BuildingType":18,"Quality":2},{"NameSeed":44208,"FactionId":0,"Sector":0,"LocationId":0,"BuildingType":18,"Quality":1},{"NameSeed":34402,"FactionId":0,"Sector":0,"LocationId":0,"BuildingType":18,"Quality":13},{"NameSeed":17135,"FactionId":0,"Sector":0,"LocationId":0,"BuildingType":18,"Quality":15},{"NameSeed":42249,"FactionId":0,"Sector":0,"LocationId":0,"BuildingType":18,"Quality":16},{"NameSeed":241,"FactionId":0,"Sector":0,"LocationId":0,"BuildingType":19,"Quality":13},{"NameSeed":16869,"FactionId":0,"Sector":0,"LocationId":0,"BuildingType":19,"Quality":14},{"NameSeed":32539,"FactionId":0,"Sector":0,"LocationId":0,"BuildingType":18,"Quality":20},{"NameSeed":13987,"FactionId":0,"Sector":0,"LocationId":0,"BuildingType":21,"Quality":1},{"NameSeed":9772,"FactionId":0,"Sector":0,"LocationId":0,"BuildingType":21,"Quality":9},{"NameSeed":33333,"FactionId":0,"Sector":0,"LocationId":0,"BuildingType":21,"Quality":19},{"NameSeed":28360,"FactionId":0,"Sector":0,"LocationId":0,"BuildingType":21,"Quality":8},{"NameSeed":60912,"FactionId":0,"Sector":0,"LocationId":0,"BuildingType":18,"Quality":2},{"NameSeed":42934,"FactionId":0,"Sector":0,"LocationId":0,"BuildingType":18,"Quality":4},{"NameSeed":19039,"FactionId":0,"Sector":0,"LocationId":0,"BuildingType":19,"Quality":17},{"NameSeed":7640,"FactionId":0,"Sector":0,"LocationId":0,"BuildingType":18,"Quality":12},{"NameSeed":51672,"FactionId":0,"Sector":0,"LocationId":0,"BuildingType":18,"Quality":15},{"NameSeed":44902,"FactionId":0,"Sector":0,"LocationId":0,"BuildingType":19,"Quality":6},{"NameSeed":52606,"FactionId":0,"Sector":0,"LocationId":0,"BuildingType":18,"Quality":5},{"NameSeed":44681,"FactionId":0,"Sector":0,"LocationId":0,"BuildingType":18,"Quality":1},{"NameSeed":17660,"FactionId":0,"Sector":0,"LocationId":0,"BuildingType":18,"Quality":19},{"NameSeed":17262,"FactionId":0,"Sector":0,"LocationId":0,"BuildingType":19,"Quality":6},{"NameSeed":46865,"FactionId":0,"Sector":0,"LocationId":0,"BuildingType":18,"Quality":11},{"NameSeed":54782,"FactionId":0,"Sector":0,"LocationId":0,"BuildingType":19,"Quality":5},{"NameSeed":41749,"FactionId":0,"Sector":0,"LocationId":0,"BuildingType":19,"Quality":15},{"NameSeed":60617,"FactionId":0,"Sector":0,"LocationId":0,"BuildingType":18,"Quality":7},{"NameSeed":45226,"FactionId":0,"Sector":0,"LocationId":0,"BuildingType":19,"Quality":10},{"NameSeed":40167,"FactionId":0,"Sector":0,"LocationId":0,"BuildingType":18,"Quality":15},{"NameSeed":60556,"FactionId":0,"Sector":0,"LocationId":0,"BuildingType":18,"Quality":13},{"NameSeed":29577,"FactionId":0,"Sector":0,"LocationId":0,"BuildingType":18,"Quality":1},{"NameSeed":44167,"FactionId":0,"Sector":0,"LocationId":0,"BuildingType":18,"Quality":8},{"NameSeed":29803,"FactionId":0,"Sector":0,"LocationId":0,"BuildingType":18,"Quality":16},{"NameSeed":24102,"FactionId":0,"Sector":0,"LocationId":0,"BuildingType":18,"Quality":4},{"NameSeed":23167,"FactionId":0,"Sector":0,"LocationId":0,"BuildingType":18,"Quality":2},{"NameSeed":38730,"FactionId":0,"Sector":0,"LocationId":0,"BuildingType":18,"Quality":17},{"NameSeed":7040,"FactionId":0,"Sector":0,"LocationId":0,"BuildingType":18,"Quality":19},{"NameSeed":44581,"FactionId":0,"Sector":0,"LocationId":0,"BuildingType":18,"Quality":3},{"NameSeed":51764,"FactionId":0,"Sector":0,"LocationId":0,"BuildingType":19,"Quality":3},{"NameSeed":53854,"FactionId":0,"Sector":0,"LocationId":0,"BuildingType":19,"Quality":4},{"NameSeed":36625,"FactionId":0,"Sector":0,"LocationId":0,"BuildingType":18,"Quality":1},{"NameSeed":37948,"FactionId":0,"Sector":0,"LocationId":0,"BuildingType":21,"Quality":15},{"NameSeed":28068,"FactionId":0,"Sector":0,"LocationId":0,"BuildingType":21,"Quality":2},{"NameSeed":28792,"FactionId":0,"Sector":0,"LocationId":0,"BuildingType":21,"Quality":14},{"NameSeed":12222,"FactionId":0,"Sector":0,"LocationId":0,"BuildingType":21,"Quality":7},{"NameSeed":24474,"FactionId":0,"Sector":0,"LocationId":0,"BuildingType":18,"Quality":8},{"NameSeed":65343,"FactionId":0,"Sector":0,"LocationId":0,"BuildingType":18,"Quality":13},{"NameSeed":62673,"FactionId":0,"Sector":0,"LocationId":0,"BuildingType":18,"Quality":19},{"NameSeed":1046,"FactionId":0,"Sector":0,"LocationId":0,"BuildingType":18,"Quality":5},{"NameSeed":26575,"FactionId":0,"Sector":0,"LocationId":0,"BuildingType":18,"Quality":6},{"NameSeed":52039,"FactionId":0,"Sector":0,"LocationId":0,"BuildingType":18,"Quality":18},{"NameSeed":64654,"FactionId":0,"Sector":0,"LocationId":0,"BuildingType":18,"Quality":16},{"NameSeed":2521,"FactionId":0,"Sector":0,"LocationId":0,"BuildingType":18,"Quality":16},{"NameSeed":56508,"FactionId":0,"Sector":0,"LocationId":0,"BuildingType":18,"Quality":3},{"NameSeed":55934,"FactionId":0,"Sector":0,"LocationId":0,"BuildingType":18,"Quality":11},{"NameSeed":53603,"FactionId":0,"Sector":0,"LocationId":0,"BuildingType":18,"Quality":19},{"NameSeed":65227,"FactionId":0,"Sector":0,"LocationId":0,"BuildingType":18,"Quality":13},{"NameSeed":26078,"FactionId":0,"Sector":0,"LocationId":0,"BuildingType":18,"Quality":12},{"NameSeed":28706,"FactionId":0,"Sector":0,"LocationId":0,"BuildingType":18,"Quality":17},{"NameSeed":737,"FactionId":0,"Sector":0,"LocationId":0,"BuildingType":18,"Quality":7},{"NameSeed":16723,"FactionId":0,"Sector":0,"LocationId":0,"BuildingType":18,"Quality":11},{"NameSeed":56070,"FactionId":0,"Sector":0,"LocationId":0,"BuildingType":18,"Quality":13},{"NameSeed":16009,"FactionId":0,"Sector":0,"LocationId":0,"BuildingType":18,"Quality":17},{"NameSeed":10605,"FactionId":0,"Sector":0,"LocationId":0,"BuildingType":18,"Quality":2},{"NameSeed":22980,"FactionId":0,"Sector":0,"LocationId":0,"BuildingType":18,"Quality":14},{"NameSeed":1944,"FactionId":0,"Sector":0,"LocationId":0,"BuildingType":18,"Quality":5},{"NameSeed":12696,"FactionId":0,"Sector":0,"LocationId":0,"BuildingType":18,"Quality":4},{"NameSeed":34425,"FactionId":0,"Sector":0,"LocationId":0,"BuildingType":18,"Quality":12},{"NameSeed":15639,"FactionId":0,"Sector":0,"LocationId":0,"BuildingType":18,"Quality":9},{"NameSeed":10012,"FactionId":0,"Sector":0,"LocationId":0,"BuildingType":18,"Quality":19},{"NameSeed":19245,"FactionId":0,"Sector":0,"LocationId":0,"BuildingType":19,"Quality":8},{"NameSeed":39904,"FactionId":0,"Sector":0,"LocationId":0,"BuildingType":19,"Quality":14},{"NameSeed":50422,"FactionId":0,"Sector":0,"LocationId":0,"BuildingType":18,"Quality":18},{"NameSeed":30291,"FactionId":0,"Sector":0,"LocationId":0,"BuildingType":21,"Quality":8},{"NameSeed":62314,"FactionId":0,"Sector":0,"LocationId":0,"BuildingType":21,"Quality":18},{"NameSeed":28954,"FactionId":0,"Sector":0,"LocationId":0,"BuildingType":21,"Quality":3},{"NameSeed":51762,"FactionId":0,"Sector":0,"LocationId":0,"BuildingType":21,"Quality":9},{"NameSeed":18977,"FactionId":0,"Sector":0,"LocationId":0,"BuildingType":18,"Quality":10},{"NameSeed":53319,"FactionId":0,"Sector":0,"LocationId":0,"BuildingType":15,"Quality":13},{"NameSeed":42231,"FactionId":0,"Sector":0,"LocationId":0,"BuildingType":19,"Quality":4},{"NameSeed":21717,"FactionId":0,"Sector":0,"LocationId":0,"BuildingType":18,"Quality":8},{"NameSeed":57323,"FactionId":0,"Sector":0,"LocationId":0,"BuildingType":18,"Quality":8},{"NameSeed":24176,"FactionId":0,"Sector":0,"LocationId":0,"BuildingType":18,"Quality":11},{"NameSeed":25059,"FactionId":0,"Sector":0,"LocationId":0,"BuildingType":18,"Quality":1},{"NameSeed":29707,"FactionId":0,"Sector":0,"LocationId":0,"BuildingType":19,"Quality":9},{"NameSeed":17435,"FactionId":0,"Sector":0,"LocationId":0,"BuildingType":18,"Quality":18},{"NameSeed":31012,"FactionId":0,"Sector":0,"LocationId":0,"BuildingType":18,"Quality":17},{"NameSeed":24815,"FactionId":0,"Sector":0,"LocationId":0,"BuildingType":18,"Quality":5},{"NameSeed":62905,"FactionId":0,"Sector":0,"LocationId":0,"BuildingType":18,"Quality":2},{"NameSeed":46933,"FactionId":0,"Sector":0,"LocationId":0,"BuildingType":18,"Quality":8},{"NameSeed":48051,"FactionId":0,"Sector":0,"LocationId":0,"BuildingType":18,"Quality":19},{"NameSeed":9783,"FactionId":0,"Sector":0,"LocationId":0,"BuildingType":18,"Quality":11},{"NameSeed":57594,"FactionId":0,"Sector":0,"LocationId":0,"BuildingType":18,"Quality":7},{"NameSeed":58710,"FactionId":0,"Sector":0,"LocationId":0,"BuildingType":18,"Quality":3},{"NameSeed":38215,"FactionId":0,"Sector":0,"LocationId":0,"BuildingType":18,"Quality":18},{"NameSeed":63341,"FactionId":0,"Sector":0,"LocationId":0,"BuildingType":18,"Quality":10},{"NameSeed":15379,"FactionId":0,"Sector":0,"LocationId":0,"BuildingType":18,"Quality":3},{"NameSeed":49463,"FactionId":0,"Sector":0,"LocationId":0,"BuildingType":18,"Quality":4},{"NameSeed":54024,"FactionId":0,"Sector":0,"LocationId":0,"BuildingType":18,"Quality":4},{"NameSeed":41098,"FactionId":0,"Sector":0,"LocationId":0,"BuildingType":18,"Quality":19},{"NameSeed":41441,"FactionId":0,"Sector":0,"LocationId":0,"BuildingType":18,"Quality":16},{"NameSeed":40478,"FactionId":0,"Sector":0,"LocationId":0,"BuildingType":18,"Quality":10},{"NameSeed":44648,"FactionId":0,"Sector":0,"LocationId":0,"BuildingType":19,"Quality":11},{"NameSeed":54524,"FactionId":0,"Sector":0,"LocationId":0,"BuildingType":19,"Quality":3},{"NameSeed":32221,"FactionId":0,"Sector":0,"LocationId":0,"BuildingType":18,"Quality":2},{"NameSeed":59908,"FactionId":0,"Sector":0,"LocationId":0,"BuildingType":21,"Quality":18},{"NameSeed":39695,"FactionId":0,"Sector":0,"LocationId":0,"BuildingType":21,"Quality":19},{"NameSeed":33634,"FactionId":0,"Sector":0,"LocationId":0,"BuildingType":21,"Quality":9},{"NameSeed":18414,"FactionId":0,"Sector":0,"LocationId":0,"BuildingType":21,"Quality":20},{"NameSeed":19423,"FactionId":0,"Sector":0,"LocationId":0,"BuildingType":18,"Quality":13},{"NameSeed":23386,"FactionId":0,"Sector":0,"LocationId":0,"BuildingType":18,"Quality":17},{"NameSeed":12502,"FactionId":0,"Sector":0,"LocationId":0,"BuildingType":18,"Quality":10},{"NameSeed":39767,"FactionId":0,"Sector":0,"LocationId":0,"BuildingType":18,"Quality":10},{"NameSeed":29496,"FactionId":0,"Sector":0,"LocationId":0,"BuildingType":18,"Quality":16},{"NameSeed":65102,"FactionId":0,"Sector":0,"LocationId":0,"BuildingType":18,"Quality":15},{"NameSeed":17924,"FactionId":0,"Sector":0,"LocationId":0,"BuildingType":18,"Quality":11},{"NameSeed":23556,"FactionId":0,"Sector":0,"LocationId":0,"BuildingType":18,"Quality":3},{"NameSeed":9279,"FactionId":0,"Sector":0,"LocationId":0,"BuildingType":18,"Quality":4},{"NameSeed":6927,"FactionId":0,"Sector":0,"LocationId":0,"BuildingType":18,"Quality":11},{"NameSeed":47286,"FactionId":0,"Sector":0,"LocationId":0,"BuildingType":18,"Quality":10},{"NameSeed":29511,"FactionId":0,"Sector":0,"LocationId":0,"BuildingType":18,"Quality":19},{"NameSeed":26170,"FactionId":0,"Sector":0,"LocationId":0,"BuildingType":18,"Quality":13},{"NameSeed":36527,"FactionId":0,"Sector":0,"LocationId":0,"BuildingType":18,"Quality":6},{"NameSeed":43240,"FactionId":0,"Sector":0,"LocationId":0,"BuildingType":18,"Quality":11},{"NameSeed":22063,"FactionId":0,"Sector":0,"LocationId":0,"BuildingType":18,"Quality":8},{"NameSeed":54215,"FactionId":0,"Sector":0,"LocationId":0,"BuildingType":18,"Quality":18},{"NameSeed":22968,"FactionId":0,"Sector":0,"LocationId":0,"BuildingType":18,"Quality":16},{"NameSeed":36984,"FactionId":0,"Sector":0,"LocationId":0,"BuildingType":18,"Quality":14},{"NameSeed":17226,"FactionId":0,"Sector":0,"LocationId":0,"BuildingType":18,"Quality":9},{"NameSeed":52010,"FactionId":0,"Sector":0,"LocationId":0,"BuildingType":18,"Quality":5},{"NameSeed":29783,"FactionId":0,"Sector":0,"LocationId":0,"BuildingType":18,"Quality":15},{"NameSeed":13106,"FactionId":0,"Sector":0,"LocationId":0,"BuildingType":18,"Quality":8},{"NameSeed":18890,"FactionId":0,"Sector":0,"LocationId":0,"BuildingType":18,"Quality":8},{"NameSeed":40898,"FactionId":0,"Sector":0,"LocationId":0,"BuildingType":18,"Quality":6},{"NameSeed":13318,"FactionId":0,"Sector":0,"LocationId":0,"BuildingType":19,"Quality":14},{"NameSeed":7808,"FactionId":0,"Sector":0,"LocationId":0,"BuildingType":19,"Quality":3},{"NameSeed":8531,"FactionId":0,"Sector":0,"LocationId":0,"BuildingType":18,"Quality":15},{"NameSeed":18212,"FactionId":0,"Sector":0,"LocationId":0,"BuildingType":21,"Quality":12},{"NameSeed":51427,"FactionId":0,"Sector":0,"LocationId":0,"BuildingType":21,"Quality":15},{"NameSeed":37202,"FactionId":0,"Sector":0,"LocationId":0,"BuildingType":21,"Quality":19},{"NameSeed":44525,"FactionId":0,"Sector":0,"LocationId":0,"BuildingType":21,"Quality":15},{"NameSeed":61969,"FactionId":0,"Sector":0,"LocationId":0,"BuildingType":18,"Quality":3},{"NameSeed":40451,"FactionId":0,"Sector":0,"LocationId":0,"BuildingType":18,"Quality":11},{"NameSeed":63674,"FactionId":0,"Sector":0,"LocationId":0,"BuildingType":18,"Quality":14},{"NameSeed":55080,"FactionId":0,"Sector":0,"LocationId":0,"BuildingType":18,"Quality":17},{"NameSeed":18685,"FactionId":0,"Sector":0,"LocationId":0,"BuildingType":18,"Quality":12},{"NameSeed":6194,"FactionId":0,"Sector":0,"LocationId":0,"BuildingType":18,"Quality":19},{"NameSeed":8386,"FactionId":0,"Sector":0,"LocationId":0,"BuildingType":18,"Quality":15},{"NameSeed":17547,"FactionId":0,"Sector":0,"LocationId":0,"BuildingType":18,"Quality":13},{"NameSeed":11683,"FactionId":0,"Sector":0,"LocationId":0,"BuildingType":18,"Quality":6},{"NameSeed":9548,"FactionId":0,"Sector":0,"LocationId":0,"BuildingType":18,"Quality":7},{"NameSeed":43435,"FactionId":0,"Sector":0,"LocationId":0,"BuildingType":18,"Quality":20},{"NameSeed":14297,"FactionId":0,"Sector":0,"LocationId":0,"BuildingType":18,"Quality":14},{"NameSeed":16865,"FactionId":0,"Sector":0,"LocationId":0,"BuildingType":18,"Quality":19},{"NameSeed":63699,"FactionId":0,"Sector":0,"LocationId":0,"BuildingType":18,"Quality":16},{"NameSeed":56598,"FactionId":0,"Sector":0,"LocationId":0,"BuildingType":18,"Quality":12},{"NameSeed":3844,"FactionId":0,"Sector":0,"LocationId":0,"BuildingType":18,"Quality":2},{"NameSeed":24005,"FactionId":0,"Sector":0,"LocationId":0,"BuildingType":18,"Quality":2},{"NameSeed":52568,"FactionId":0,"Sector":0,"LocationId":0,"BuildingType":18,"Quality":19},{"NameSeed":18566,"FactionId":0,"Sector":0,"LocationId":0,"BuildingType":18,"Quality":11},{"NameSeed":40944,"FactionId":0,"Sector":0,"LocationId":0,"BuildingType":18,"Quality":19},{"NameSeed":59527,"FactionId":0,"Sector":0,"LocationId":0,"BuildingType":18,"Quality":3},{"NameSeed":47514,"FactionId":0,"Sector":0,"LocationId":0,"BuildingType":18,"Quality":12},{"NameSeed":36283,"FactionId":0,"Sector":0,"LocationId":0,"BuildingType":18,"Quality":17},{"NameSeed":65074,"FactionId":0,"Sector":0,"LocationId":0,"BuildingType":18,"Quality":9},{"NameSeed":24895,"FactionId":0,"Sector":0,"LocationId":0,"BuildingType":18,"Quality":8},{"NameSeed":38631,"FactionId":0,"Sector":0,"LocationId":0,"BuildingType":19,"Quality":18},{"NameSeed":44582,"FactionId":0,"Sector":0,"LocationId":0,"BuildingType":19,"Quality":1},{"NameSeed":54847,"FactionId":0,"Sector":0,"LocationId":0,"BuildingType":18,"Quality":19},{"NameSeed":13771,"FactionId":0,"Sector":0,"LocationId":0,"BuildingType":21,"Quality":11},{"NameSeed":46792,"FactionId":0,"Sector":0,"LocationId":0,"BuildingType":21,"Quality":19},{"NameSeed":4639,"FactionId":0,"Sector":0,"LocationId":0,"BuildingType":21,"Quality":7},{"NameSeed":2758,"FactionId":0,"Sector":0,"LocationId":0,"BuildingType":21,"Quality":16},{"NameSeed":56308,"FactionId":0,"Sector":0,"LocationId":0,"BuildingType":18,"Quality":15},{"NameSeed":4165,"FactionId":0,"Sector":0,"LocationId":0,"BuildingType":18,"Quality":18},{"NameSeed":50134,"FactionId":0,"Sector":0,"LocationId":0,"BuildingType":18,"Quality":14},{"NameSeed":44883,"FactionId":0,"Sector":0,"LocationId":0,"BuildingType":18,"Quality":9},{"NameSeed":51099,"FactionId":0,"Sector":0,"LocationId":0,"BuildingType":18,"Quality":5},{"NameSeed":40744,"FactionId":0,"Sector":0,"LocationId":0,"BuildingType":18,"Quality":10},{"NameSeed":19241,"FactionId":0,"Sector":0,"LocationId":0,"BuildingType":18,"Quality":2},{"NameSeed":11317,"FactionId":0,"Sector":0,"LocationId":0,"BuildingType":18,"Quality":2},{"NameSeed":38214,"FactionId":0,"Sector":0,"LocationId":0,"BuildingType":18,"Quality":9},{"NameSeed":50318,"FactionId":0,"Sector":0,"LocationId":0,"BuildingType":18,"Quality":7},{"NameSeed":19130,"FactionId":0,"Sector":0,"LocationId":0,"BuildingType":18,"Quality":16},{"NameSeed":20566,"FactionId":0,"Sector":0,"LocationId":0,"BuildingType":18,"Quality":11},{"NameSeed":58696,"FactionId":0,"Sector":0,"LocationId":0,"BuildingType":18,"Quality":15},{"NameSeed":33356,"FactionId":0,"Sector":0,"LocationId":0,"BuildingType":18,"Quality":2},{"NameSeed":20239,"FactionId":0,"Sector":0,"LocationId":0,"BuildingType":18,"Quality":14},{"NameSeed":2101,"FactionId":0,"Sector":0,"LocationId":0,"BuildingType":18,"Quality":6},{"NameSeed":17472,"FactionId":0,"Sector":0,"LocationId":0,"BuildingType":18,"Quality":8},{"NameSeed":5156,"FactionId":0,"Sector":0,"LocationId":0,"BuildingType":18,"Quality":20},{"NameSeed":46475,"FactionId":0,"Sector":0,"LocationId":0,"BuildingType":18,"Quality":14},{"NameSeed":45149,"FactionId":0,"Sector":0,"LocationId":0,"BuildingType":18,"Quality":5},{"NameSeed":57601,"FactionId":0,"Sector":0,"LocationId":0,"BuildingType":18,"Quality":11},{"NameSeed":47036,"FactionId":0,"Sector":0,"LocationId":0,"BuildingType":18,"Quality":4},{"NameSeed":43387,"FactionId":0,"Sector":0,"LocationId":0,"BuildingType":18,"Quality":17},{"NameSeed":28688,"FactionId":0,"Sector":0,"LocationId":0,"BuildingType":18,"Quality":6},{"NameSeed":43489,"FactionId":0,"Sector":0,"LocationId":0,"BuildingType":18,"Quality":5},{"NameSeed":17944,"FactionId":0,"Sector":0,"LocationId":0,"BuildingType":19,"Quality":8},{"NameSeed":37551,"FactionId":0,"Sector":0,"LocationId":0,"BuildingType":19,"Quality":1},{"NameSeed":52370,"FactionId":0,"Sector":0,"LocationId":0,"BuildingType":18,"Quality":12},{"NameSeed":880,"FactionId":0,"Sector":0,"LocationId":0,"BuildingType":21,"Quality":6},{"NameSeed":20749,"FactionId":0,"Sector":0,"LocationId":0,"BuildingType":21,"Quality":19},{"NameSeed":54099,"FactionId":0,"Sector":0,"LocationId":0,"BuildingType":21,"Quality":1},{"NameSeed":34366,"FactionId":0,"Sector":0,"LocationId":0,"BuildingType":21,"Quality":5},{"NameSeed":36934,"FactionId":0,"Sector":0,"LocationId":0,"BuildingType":18,"Quality":15},{"NameSeed":3738,"FactionId":0,"Sector":0,"LocationId":0,"BuildingType":18,"Quality":5},{"NameSeed":26653,"FactionId":0,"Sector":0,"LocationId":0,"BuildingType":18,"Quality":4},{"NameSeed":13177,"FactionId":0,"Sector":0,"LocationId":0,"BuildingType":18,"Quality":7},{"NameSeed":49030,"FactionId":0,"Sector":0,"LocationId":0,"BuildingType":18,"Quality":13},{"NameSeed":57508,"FactionId":0,"Sector":0,"LocationId":0,"BuildingType":18,"Quality":4},{"NameSeed":5334,"FactionId":0,"Sector":0,"LocationId":0,"BuildingType":18,"Quality":18},{"NameSeed":38731,"FactionId":0,"Sector":0,"LocationId":0,"BuildingType":18,"Quality":12},{"NameSeed":37131,"FactionId":0,"Sector":0,"LocationId":0,"BuildingType":18,"Quality":6},{"NameSeed":36084,"FactionId":0,"Sector":0,"LocationId":0,"BuildingType":18,"Quality":19},{"NameSeed":37485,"FactionId":0,"Sector":0,"LocationId":0,"BuildingType":19,"Quality":11},{"NameSeed":38961,"FactionId":0,"Sector":0,"LocationId":0,"BuildingType":18,"Quality":19},{"NameSeed":4698,"FactionId":0,"Sector":0,"LocationId":0,"BuildingType":18,"Quality":6},{"NameSeed":34664,"FactionId":0,"Sector":0,"LocationId":0,"BuildingType":18,"Quality":20},{"NameSeed":61241,"FactionId":0,"Sector":0,"LocationId":0,"BuildingType":18,"Quality":12},{"NameSeed":52757,"FactionId":0,"Sector":0,"LocationId":0,"BuildingType":18,"Quality":15},{"NameSeed":8891,"FactionId":0,"Sector":0,"LocationId":0,"BuildingType":18,"Quality":10},{"NameSeed":3443,"FactionId":0,"Sector":0,"LocationId":0,"BuildingType":18,"Quality":11},{"NameSeed":5581,"FactionId":0,"Sector":0,"LocationId":0,"BuildingType":18,"Quality":20},{"NameSeed":21308,"FactionId":0,"Sector":0,"LocationId":0,"BuildingType":18,"Quality":15},{"NameSeed":16243,"FactionId":0,"Sector":0,"LocationId":0,"BuildingType":18,"Quality":8},{"NameSeed":64644,"FactionId":0,"Sector":0,"LocationId":0,"BuildingType":18,"Quality":11},{"NameSeed":22077,"FactionId":0,"Sector":0,"LocationId":0,"BuildingType":18,"Quality":19},{"NameSeed":7852,"FactionId":0,"Sector":0,"LocationId":0,"BuildingType":18,"Quality":7},{"NameSeed":34976,"FactionId":0,"Sector":0,"LocationId":0,"BuildingType":18,"Quality":5},{"NameSeed":59633,"FactionId":0,"Sector":0,"LocationId":0,"BuildingType":19,"Quality":7},{"NameSeed":1511,"FactionId":0,"Sector":0,"LocationId":0,"BuildingType":19,"Quality":20},{"NameSeed":46587,"FactionId":0,"Sector":0,"LocationId":0,"BuildingType":18,"Quality":3},{"NameSeed":18102,"FactionId":0,"Sector":0,"LocationId":0,"BuildingType":21,"Quality":8},{"NameSeed":38076,"FactionId":0,"Sector":0,"LocationId":0,"BuildingType":21,"Quality":5},{"NameSeed":51002,"FactionId":0,"Sector":0,"LocationId":0,"BuildingType":21,"Quality":13},{"NameSeed":51817,"FactionId":0,"Sector":0,"LocationId":0,"BuildingType":21,"Quality":1},{"NameSeed":20485,"FactionId":0,"Sector":0,"LocationId":0,"BuildingType":18,"Quality":14},{"NameSeed":43576,"FactionId":0,"Sector":0,"LocationId":0,"BuildingType":18,"Quality":16},{"NameSeed":34573,"FactionId":0,"Sector":0,"LocationId":0,"BuildingType":18,"Quality":1},{"NameSeed":11771,"FactionId":0,"Sector":0,"LocationId":0,"BuildingType":18,"Quality":8},{"NameSeed":28959,"FactionId":0,"Sector":0,"LocationId":0,"BuildingType":18,"Quality":20},{"NameSeed":54376,"FactionId":0,"Sector":0,"LocationId":0,"BuildingType":18,"Quality":19},{"NameSeed":31535,"FactionId":0,"Sector":0,"LocationId":0,"BuildingType":18,"Quality":18},{"NameSeed":15800,"FactionId":0,"Sector":0,"LocationId":0,"BuildingType":18,"Quality":13},{"NameSeed":48159,"FactionId":0,"Sector":0,"LocationId":0,"BuildingType":18,"Quality":14},{"NameSeed":60396,"FactionId":0,"Sector":0,"LocationId":0,"BuildingType":18,"Quality":1},{"NameSeed":51468,"FactionId":0,"Sector":0,"LocationId":0,"BuildingType":19,"Quality":11},{"NameSeed":54,"FactionId":0,"Sector":0,"LocationId":0,"BuildingType":18,"Quality":5},{"NameSeed":375,"FactionId":0,"Sector":0,"LocationId":0,"BuildingType":18,"Quality":16},{"NameSeed":59344,"FactionId":0,"Sector":0,"LocationId":0,"BuildingType":18,"Quality":13},{"NameSeed":64778,"FactionId":0,"Sector":0,"LocationId":0,"BuildingType":18,"Quality":7},{"NameSeed":47369,"FactionId":0,"Sector":0,"LocationId":0,"BuildingType":18,"Quality":2},{"NameSeed":18122,"FactionId":0,"Sector":0,"LocationId":0,"BuildingType":18,"Quality":3},{"NameSeed":23741,"FactionId":0,"Sector":0,"LocationId":0,"BuildingType":18,"Quality":3},{"NameSeed":18541,"FactionId":0,"Sector":0,"LocationId":0,"BuildingType":18,"Quality":3},{"NameSeed":40740,"FactionId":0,"Sector":0,"LocationId":0,"BuildingType":18,"Quality":7},{"NameSeed":59879,"FactionId":0,"Sector":0,"LocationId":0,"BuildingType":18,"Quality":16},{"NameSeed":16092,"FactionId":0,"Sector":0,"LocationId":0,"BuildingType":18,"Quality":11},{"NameSeed":42634,"FactionId":0,"Sector":0,"LocationId":0,"BuildingType":18,"Quality":8},{"NameSeed":26542,"FactionId":0,"Sector":0,"LocationId":0,"BuildingType":18,"Quality":10},{"NameSeed":1826,"FactionId":0,"Sector":0,"LocationId":0,"BuildingType":18,"Quality":13},{"NameSeed":21919,"FactionId":0,"Sector":0,"LocationId":0,"BuildingType":19,"Quality":7},{"NameSeed":24391,"FactionId":0,"Sector":0,"LocationId":0,"BuildingType":19,"Quality":15},{"NameSeed":39826,"FactionId":0,"Sector":0,"LocationId":0,"BuildingType":18,"Quality":15},{"NameSeed":18802,"FactionId":0,"Sector":0,"LocationId":0,"BuildingType":21,"Quality":8},{"NameSeed":28679,"FactionId":0,"Sector":0,"LocationId":0,"BuildingType":21,"Quality":6},{"NameSeed":224,"FactionId":0,"Sector":0,"LocationId":0,"BuildingType":21,"Quality":3},{"NameSeed":58664,"FactionId":0,"Sector":0,"LocationId":0,"BuildingType":21,"Quality":16}],"ExteriorData":{"AnotherName":"Factten Grange","MapId":424645,"LocationId":1592,"Width":3,"Height":3,"PortTownAndUnknown":0,"BlockNames":["FARMAA06.RMB","FARMAA06.RMB","FARMAA02.RMB","FARMAA07.RMB","FARMAA02.RMB","FARMAA01.RMB","FARMAA02.RMB","FARMAA03.RMB","FARMAA04.RMB"]}},"Dungeon":{"RecordElement":{"Header":{"X":0,"Y":0,"IsExterior":0,"Unknown2":0,"LocationId":0,"IsInterior":0,"ExteriorLocationId":0,"LocationName":null}},"Header":{"BlockCount":0},"Blocks":null},"Climate":{"WorldClimate":227,"ClimateType":400,"NatureSet":500,"GroundArchive":402,"NatureArchive":500,"SkyBase":24,"People":2,"Names":0},"Politic":54,"RegionIndex":182,"LocationIndex":0}